"MODEL_DESC","Model","TIME_AGG_PERIOD","START_WEEK","END_WEEK","dependent_variable","CNT_EXPSD_HH","UDJ_AVG_EXPSD_HH_PRE","UDJ_AVG_CNTRL_HH_PRE","UDJ_AVG_EXPSD_HH_PST","UDJ_AVG_CNTRL_HH_PST","UDJ_DOD_EFFCT","UDJ_DIFF_EFFCT","ADJ_MEAN_EXPSD_GRP","ADJ_MEAN_CNTRL_GRP","ADJ_DOD_EFFCT","TWOTAIL_PVAL","ONETAIL_PVAL","ABS_DIFF","DOL_DIFF","ONETAIL_80_PCT_INTRVL_UB","ONETAIL_80_PCT_INTRVL_LB","ONETAIL_90_PCT_INTRVL_UB","ONETAIL_90_PCT_INTRVL_LB","TWOTAIL_80_PCT_INTRVL_UB","TWOTAIL_80_PCT_INTRVL_LB","TWOTAIL_90_PCT_INTRVL_UB","TWOTAIL_90_PCT_INTRVL_LB","CNT_IMPRESSIONS","TWOTAIL_PVAL_to_Campaign","ONETAIL_PVAL_to_Campaign","CNT_Model_HH"
"Total Campaign","","","","","pen",,0.003348044437680718,0.003353850258208358,0.03705042357834931,0.03018465232387522,22.76513574273143,22.745901396530105,0.036961616720249175,0.03026457793150668,22.128307237255733,99.99985,99.99985,0.006697038788742494,0.006697038788742494,24.244912711304366,20.057345666847677,25.366503705638422,18.982755927420776,25.366503705638422,18.982755927420776,26.29239590888207,18.118634302480654,,,,157704
"Total Campaign","","","","","occ",,1.0359848484848484,1.0359848484848484,1.4757829881909978,1.487794612794613,-0.8073442732161059,-0.8073442732161059,1.4781549950566089,1.4848647835346573,-0.4518787537055137,22.197479992950132,61.09873999647506,-0.006709788478048484,-0.006709788478048484,0.9076877121285021,-1.790275608993451,1.6232703036744203,-2.4776546250857696,1.6232703036744203,-2.4776546250857696,2.220151219009607,-3.044252395876261,,,,5843
"Total Campaign","","","","","dolocc",,2.4603125,2.460312500000002,3.427108442580867,3.4380502989684953,-0.31825760056242636,-0.318257600562478,3.4325296694906404,3.4303504839981525,0.06352661346569102,3.6821958990470027,51.841097949523494,0.0021791854924879672,0.0021791854924879672,1.2292327639297378,-1.0907179791279724,1.8360951183827154,-1.6827225932191308,1.8360951183827154,-1.6827225932191308,2.3348852558267006,-2.180950994720076,,,,5843
"Total Campaign","","","","","dolhh",12512324,0.008606122863085274,0.008619903322725511,0.2000779308070816,0.16501368853656523,21.25764416349236,21.24929306258525,0.18753625293331047,0.15415585477187282,21.653668756749816,99.99985,99.99985,0.03338039816143765,0.03338039816143765,24.712282877872443,18.671774320323433,26.33728800215418,17.12123489928464,26.33728800215418,17.12123489928464,27.69565941685459,15.865925769003745,39068432,,,157704
"creative (Chicken_Noodle_Video)","","","","","pen",,0.0036307416160871195,0.003353850258208358,0.03585668910846822,0.030184652323875228,17.873803444298144,18.791128430876658,0.035916407762046375,0.030264577931506678,18.67473534020743,99.99985,99.99985,0.005651829830539697,0.005651829830539697,23.33916750963776,14.133215952340706,25.876154845470612,11.85002473581733,25.876154845470612,11.85002473581733,27.93884565292325,10.026548540944008,,1.2432750739971077,50.621637536998556,12446
"creative (Chicken_Noodle_Video)","","","","","occ",,1.04195500166199,1.0359848484848484,1.3711559977130483,1.487794612794613,-8.240974070231571,-7.839698710998514,1.4101998326449883,1.4848647835346573,-5.028400681167233,88.92746000956332,94.46373000478167,-0.07466495088966907,-0.07466495088966907,-2.239599617278094,-7.757422509943246,-0.7591181292659998,-9.146166699236863,-0.7591181292659998,-9.146166699236863,0.48948707951672676,-10.242519048593056,,81.54068150983352,90.77034075491677,432
"creative (Chicken_Noodle_Video)","","","","","dolocc",,2.4182014502605846,2.4603125000000023,3.4037035509507914,3.438050298968495,0.22583444238857284,-0.9990181943530164,3.41763260196974,3.430350483998152,-0.37074584908271446,6.9594851879349,53.47974259396745,-0.012717882028411953,-0.012717882028411953,2.1102512657561068,-2.7872422288363072,3.419574272367804,-4.047581923979513,3.419574272367804,-4.047581923979513,4.517538954961223,-5.068422390641299,,7.8610050799834745,53.93050253999174,432
"creative (Chicken_Noodle_Video)","","","","","dolhh",1305003,0.009282500401735498,0.008619903322725511,0.16860597782420053,0.16501368853656523,1.7754237449071428,2.1769644200391842,0.17310074069417217,0.1541558547718728,12.289436525349567,98.53930467483372,99.26965233741686,0.01894488592229937,0.01894488592229937,18.602606665518294,6.253943747667972,22.076092896487104,3.1909948402791546,22.076092896487104,3.1909948402791546,24.953113948063464,0.7543947267219054,1623694,55.313246008600416,77.6566230043002,12446
"creative (Chicken_Noodle_Video/Chicken_Rice_Video)","","","","","pen",,0.002664320636409321,0.003353850258208358,0.039468678928451004,0.030184652323875228,33.04181250577469,30.757440917192103,0.036954103439003995,0.030264577931506678,22.103481907584257,99.99985,99.99985,0.006689525507497317,0.006689525507497317,28.631745767999018,15.892472174064388,32.174684293986665,12.812442784724034,32.174684293986665,12.812442784724034,35.20119183394924,10.276940742476024,,37.74939483443111,68.87469741721554,3769
"creative (Chicken_Noodle_Video/Chicken_Rice_Video)","","","","","occ",,1.097378140048266,1.0359848484848484,1.595018201421301,1.487794612794613,3.0804182693728603,7.206881091287438,1.5282885703894027,1.4848647835346573,2.9244270142481845,43.81132895915796,71.90566447957897,0.04342378685474535,0.04342378685474535,6.755658811899959,-0.7817611130305759,8.859643671547099,-2.677295680949477,8.859643671547099,-2.677295680949477,10.609768206469077,-4.19880418343952,,47.88924345008658,73.94462172504329,144
"creative (Chicken_Noodle_Video/Chicken_Rice_Video)","","","","","dolocc",,2.356711461317643,2.4603125000000023,3.603687364247116,3.438050298968495,7.831127544636529,4.817761547244275,3.449049260692151,3.430350483998152,0.5450981402986306,16.40149160169031,58.200745800845155,0.018698776693998997,0.018698776693998997,3.260643581446311,-2.1157755096106245,4.733275096393583,-3.4715752705250362,4.733275096393583,-3.4715752705250362,5.942025373295092,-4.589514633725617,,13.641399621180582,56.82069981059029,144
"creative (Chicken_Noodle_Video/Chicken_Rice_Video)","","","","","dolhh",372177,0.006901034757230034,0.008619903322725511,0.22935791987264528,0.16501368853656523,40.03492103440659,38.99326892618492,0.19479034754535657,0.1541558547718728,26.359357439661725,99.99985,99.99985,0.04063449277348377,0.04063449277348377,35.59899848514234,17.75506159921958,40.63755918822022,13.47178488777393,40.63755918822022,13.47178488777393,44.851749473202176,10.004260961391825,1300404,56.49456085766996,78.24728042883497,3769
"creative (Chicken_Noodle_Video/Chicken_Rice_Video/MultiSoup_Video)","","","","","pen",,0.0026589120420017825,0.003353850258208358,0.03373556979141707,0.030184652323875228,14.066273277529401,11.763983329810179,0.035003226968518444,0.030264577931506678,15.657409952109843,99.72896202772755,99.86448101386377,0.004738649037011766,0.004738649037011766,22.089111631368983,9.589225285900527,25.61272962051109,6.5090587473962795,25.61272962051109,6.5090587473962795,28.466073990759575,4.059075525859347,,31.7954931753187,65.89774658765934,3399
"creative (Chicken_Noodle_Video/Chicken_Rice_Video/MultiSoup_Video)","","","","","occ",,1.1084627677255212,1.0359848484848484,1.4520791591886666,1.487794612794613,-7.272063759082519,-2.400563444631638,1.481245238995647,1.4848647835346573,-0.2437625687636146,10.119329844304604,55.05966492215231,-0.0036195445390103664,-0.0036195445390103664,3.6824372145079143,-4.022691439957802,5.763326037186014,-5.928734659779478,5.763326037186014,-5.928734659779478,7.537910658228992,-7.502154184229454,,2.1728335379334163,51.0864167689667,111
"creative (Chicken_Noodle_Video/Chicken_Rice_Video/MultiSoup_Video)","","","","","dolocc",,2.4402804409043704,2.4603125000000023,3.2271085679275053,3.438050298968495,-5.552846972676213,-6.135504506850223,3.4062003028134846,3.430350483998152,-0.7040149774002042,14.508226752565223,57.25411337628261,-0.024150181184667385,-0.024150181184667385,2.0303992033494764,-3.357553049605274,3.4906513095883245,-4.725939267307522,3.4906513095883245,-4.725939267307522,4.6764529445440335,-5.854987312047992,,14.779423021548798,57.3897115107744,111
"creative (Chicken_Noodle_Video/Chicken_Rice_Video/MultiSoup_Video)","","","","","dolhh",346368,0.007484554280670785,0.008619903322725511,0.1546131215063254,0.16501368853656523,-5.614817819269621,-6.302851067979846,0.17660591076126922,0.1541558547718728,14.563219815828008,96.17279989902363,98.08639994951182,0.022450055989396422,0.022450055989396422,23.25123271165887,6.513299416009215,27.989626358838965,2.5481372021386686,27.989626358838965,2.5481372021386686,32.09140212629461,-0.7370274964292254,2734093,30.294704608346457,65.14735230417324,3399
"creative (Chicken_Rice_Video)","","","","","pen",,0.0034045915968955146,0.003353850258208358,0.04173826457306353,0.030184652323875228,38.108343230452554,38.27644633842516,0.03900626089411065,0.030264577931506678,28.884205761559674,99.99985,99.99985,0.00874168296260397,0.00874168296260397,31.509624841179946,26.309253137010067,32.89079874116164,24.99131874018846,32.89079874116164,24.99131874018846,34.05907013019167,23.930443285349256,,99.63734675924096,99.81867337962048,81701
"creative (Chicken_Rice_Video)","","","","","occ",,1.030030023149997,1.0359848484848484,1.4996258438656753,1.487794612794613,1.1954644984568934,0.7952193783548609,1.4757213284397142,1.4848647835346573,-0.615776951297719,40.53653782951088,70.26826891475544,-0.009143455094943187,-0.009143455094943187,0.8929138466227973,-2.1095216994481816,1.6980173487871775,-2.8701580031922935,1.6980173487871775,-2.8701580031922935,2.3588571060065933,-3.490350307086385,,16.61255700835912,58.30627850417955,3301
"creative (Chicken_Rice_Video)","","","","","dolocc",,2.381751188811476,2.4603125000000023,3.4005438791950935,3.438050298968495,1.194132948765825,-1.090921205680275,3.4285166917366867,3.430350483998152,-0.05345786881018547,2.5069470341323896,51.2534735170662,-0.0018337922614652946,-0.0018337922614652946,1.6446804608097092,-1.7370139471871973,2.5391179120536367,-2.595452846138149,2.5391179120536367,-2.595452846138149,3.291925096146674,-3.3082293424395113,,0.013892938718707004,50.00694646935935,3301
"creative (Chicken_Rice_Video)","","","","","dolhh",4469589,0.008488390594974358,0.008619903322725511,0.21848178112874997,0.16501368853656523,32.481914558293624,32.402216486626074,0.19735355028356805,0.1541558547718728,28.02209204160378,99.99985,99.99985,0.04319769551169525,0.04319769551169525,32.035556615750785,24.12112573246969,34.217275956643505,22.132279957805697,34.217275956643505,22.132279957805697,36.004154691589115,20.499031167407228,18903058,93.09734447076353,96.54867223538177,81701
"creative (Chicken_Rice_Video/MultiSoup_Video)","","","","","pen",,0.003344234612924433,0.003353850258208358,0.03440331936654073,0.030184652323875228,14.008054963101134,13.976198888759944,0.03509854392257538,0.030264577931506678,15.972355543859553,99.76174047309367,99.88087023654684,0.004833965991068702,0.004833965991068702,22.436526900521073,9.884229031277266,25.961380803841926,6.77346126705546,25.961380803841926,6.77346126705546,28.906226634224552,4.284494076922073,,28.441545812776415,64.22077290638822,3303
"creative (Chicken_Rice_Video/MultiSoup_Video)","","","","","occ",,0.9976164909529691,1.0359848484848484,1.4469638803324338,1.487794612794613,-0.1655050306758771,-2.7443796415880457,1.4725662957074466,1.4848647835346573,-0.828256415236325,20.108285053614427,60.05414252680721,-0.012298487827210769,-0.012298487827210769,3.0466431710113864,-4.598222244779918,5.171218685141132,-6.4975328614429815,5.171218685141132,-6.4975328614429815,6.905384338783714,-8.049568165673493,,11.741806401575205,55.8709032007876,110
"creative (Chicken_Rice_Video/MultiSoup_Video)","","","","","dolocc",,2.6004033025960034,2.4603125000000023,3.712250581310919,3.438050298968495,3.900742225518324,7.975458719283175,3.456596596067624,3.430350483998152,0.7651145908240102,21.457856615513126,60.72892830775656,0.026246112069471916,0.026246112069471916,3.5392787202928377,-1.9294840206868575,5.019408414821337,-3.318400254014655,5.019408414821337,-3.318400254014655,6.2305396566413656,-4.445391103174913,,18.37432760407126,59.187163802035634,110
"creative (Chicken_Rice_Video/MultiSoup_Video)","","","","","dolhh",322890,0.008716318498334846,0.008619903322725511,0.19020284589766875,0.16501368853656523,15.206460996073002,15.264889588551853,0.17865396281485407,0.1541558547718728,15.891779186223415,97.28235332275453,98.64117666137727,0.024498108042981276,0.024498108042981276,24.66156366249545,7.72958280841677,29.441161043001184,3.6846024255276832,29.441161043001184,3.6846024255276832,33.558295615802386,0.49140093444847777,1117413,20.25308203123086,60.12654101561543,3303
"creative (Custom)","","","","","pen",,0.003563096682399996,0.003353850258208358,0.03220388685146432,0.030184652323875228,5.996385460984096,6.689606711129582,0.03390684617758217,0.030264577931506678,12.034756454619968,99.99985,99.99985,0.0036422682460754904,0.0036422682460754904,15.955371471101826,8.27348461168887,18.028703270841167,6.371714810172207,18.028703270841167,6.371714810172207,19.740639778280954,4.820044033730145,,82.95914005858818,91.4795700292941,19728
"creative (Custom)","","","","","occ",,1.026119819265911,1.0359848484848484,1.4463682381052723,1.487794612794613,-2.1213509713628804,-2.7844148871817067,1.4620463581115282,1.4848647835346573,-1.5367342317063297,46.08948471524488,73.04474235762244,-0.022818425423129174,-0.022818425423129174,1.041762418971665,-4.0245717788400155,2.425619881060141,-5.313814169250655,2.425619881060141,-5.313814169250655,3.559506736276953,-6.367387471093755,,32.11371031608018,66.0568551580401,615
"creative (Custom)","","","","","dolocc",,2.411356963161011,2.4603125000000023,3.3541534104466093,3.438050298968495,-1.016312986851227,-2.440246105388768,3.392240185950094,3.430350483998152,-1.1109738852001925,28.044743551420304,64.02237177571016,-0.03811029804805788,-0.03811029804805788,1.234086847518681,-3.4126592968388563,2.4979905782449103,-4.598583706808417,2.4979905782449103,-4.598583706808417,3.567773688667645,-5.562830067323912,,26.79536304611627,63.39768152305814,615
"creative (Custom)","","","","","dolhh",2247405,0.008906630170316301,0.008619903322725511,0.1634935117599351,0.16501368853656523,-1.0950022632943772,-0.9212428314959329,0.1681648150763937,0.1541558547718728,9.087530490004433,96.75537417300562,98.3776870865028,0.014008960304520895,0.014008960304520895,14.680557587518356,3.7780322799925603,17.696315488789676,1.1244639905916711,17.696315488789676,1.1244639905916711,20.251794828285018,-1.0246499759598884,2959965,81.67603490136885,90.83801745068443,19728
"creative (MultiSoup_Video)","","","","","pen",,0.0031459897418028224,0.003353850258208358,0.0361396934160402,0.030184652323875228,20.417335082888552,19.72870526474377,0.03622743370120795,0.030264577931506678,19.70242500389768,99.99985,99.99985,0.005962855769701271,0.005962855769701271,24.539289860592866,15.066197354383224,27.121262353236446,12.71887143607165,27.121262353236446,12.71887143607165,29.254627321292183,10.825648824438815,,15.871471982185447,57.93573599109272,11491
"creative (MultiSoup_Video)","","","","","occ",,1.0530396293392452,1.0359848484848484,1.5937652413259191,1.487794612794613,5.976352307788876,7.122665159558235,1.542976262254726,1.4848647835346573,3.9135872413740476,69.3250628909904,84.6625314454952,0.05811147872006872,0.05811147872006872,6.939917501060144,0.9805048318415382,8.56807894275805,-0.5076217098485172,8.56807894275805,-0.5076217098485172,9.923663193318545,-1.7405315600752407,,70.3964674916317,85.19823374581586,402
"creative (MultiSoup_Video)","","","","","dolocc",,2.52473258011685,2.4603125000000023,3.72717306580606,3.438050298968495,6.535759141980385,8.409497875127345,3.4976022299236322,3.430350483998152,1.9604919741931668,51.57162057991083,75.7858102899554,0.06725174592548022,0.06725174592548022,4.523090021882934,-0.5299257070086696,5.882900680306559,-1.8230610268556153,5.882900680306559,-1.8230610268556153,7.019854829093816,-2.8524405889816307,,46.08246219203128,73.04123109601564,402
"creative (MultiSoup_Video)","","","","","dolhh",1214137,0.008419632756069969,0.008619903322725511,0.21663997911408928,0.16501368853656523,31.40743147056881,31.28606543819195,0.19550921513164135,0.1541558547718728,26.82568263201241,99.99985,99.99985,0.041353360359768554,0.041353360359768554,34.14352157870211,19.950845721970726,38.07409022843882,16.485597800483003,38.07409022843882,16.485597800483003,41.32963721312193,13.662605838892594,1556411,67.68822801935997,83.84411400967998,11491
"creative (Other)","","","","","pen",,0.0030842414080158595,0.003353850258208358,0.033704236870182765,0.030184652323875228,12.553377643190178,11.660179181602308,0.037812454613882086,0.030264577931506678,24.939639665411477,99.99985,99.99985,0.007547876682375408,0.007547876682375408,29.098310857805583,20.915761809736093,31.282780522279946,18.87339853839067,31.282780522279946,18.87339853839067,33.136525895370525,17.183337000438872,,41.44688706768919,70.72344353384459,17256
"creative (Other)","","","","","occ",,1.0352623962719492,1.0359848484848484,1.3956595648596222,1.487794612794613,-6.1441676785202075,-6.192726277044921,1.4829562696919005,1.4848647835346573,-0.12853115407678223,85.81335314023836,92.90667657011919,-0.0019085138427568094,-0.0019085138427568094,2.4553078753551127,-2.6452271054977037,3.8540339973082682,-3.9450355860650044,3.8540339973082682,-3.9450355860650044,5.014346253520221,-5.010647318931643,,76.3767934411754,88.18839672058769,563
"creative (Other)","","","","","dolocc",,2.5888657991661073,2.4603125000000023,3.4190158118824323,3.438050298968495,-4.292775655331386,-0.5536419025566157,3.464924813184112,3.430350483998152,1.0078949468062155,2.48467422496208,51.24233711248104,0.03457432918595993,0.03457432918595993,3.4073926994300967,-1.3406715784107763,4.688196547693158,-2.5452570592820396,4.688196547693158,-2.5452570592820396,5.754632020388028,-3.5164270097668564,,3.8464234838033073,51.92321174190165,563
"creative (Other)","","","","","dolhh",1871860,0.00834898006490496,0.008619903322725511,0.16493045897079275,0.16501368853656523,0.11374431643377478,-0.0504379766979343,0.1942929446230629,0.1541558547718728,26.03669507758034,98.22726088477411,99.11363044238706,0.040137089851190105,0.040137089851190105,31.8445148307818,20.490670949817773,34.966428383521276,17.684007717932918,34.966428383521276,17.684007717932918,37.6097632605266,15.445227109960403,6477207,70.34245211784061,85.17122605892031,17256
"creative (Video)","","","","","pen",,0.0037022558259955417,0.003353850258208358,0.036966221167106066,0.030184652323875228,21.31269628822326,22.46694369862529,0.036057843026412156,0.030264577931506678,19.142064720071478,99.99985,99.99985,0.005793265094905478,0.005793265094905478,25.31204009415996,13.31807393295334,28.601937474087457,10.416102580329015,28.601937474087457,10.416102580329015,31.34209900728542,8.021668843934544,,6.449086548646632,53.22454327432331,4611
"creative (Video)","","","","","occ",,0.9976164909529691,1.0359848484848484,1.6850718606403028,1.487794612794613,15.83858439539192,13.259709784479751,1.561231941802525,1.4848647835346573,5.1430378789157345,72.9601993848654,86.4800996924327,0.07636715826786755,0.07636715826786755,8.988847564859528,1.4928279620574223,11.017458908225311,-0.36570805020487845,11.017458908225311,-0.36570805020487845,12.72270793952403,-1.8759383274160917,,74.17463640571769,87.08731820285884,165
"creative (Video)","","","","","dolocc",,3.0046259355802993,2.4603125000000023,3.0841710816783867,3.438050298968495,-26.125058529245095,-10.293020360879572,3.387001781447061,3.430350483998152,-1.2636814446017517,28.482518859119367,64.24125942955968,-0.04334870255109102,-0.04334870255109102,1.3976858830105479,-3.863459245267943,2.8361015384349693,-5.211413595971382,2.8361015384349693,-5.211413595971382,4.070971326356673,-6.317399455551836,,27.597285528990167,63.798642764495085,165
"creative (Video)","","","","","dolhh",362895,0.01114942528735632,0.008619903322725511,0.2223747560182173,0.16501368853656523,33.22848304483005,34.761399487740974,0.1906701011243833,0.1541558547718728,23.68657772132367,99.87032890962742,99.99985,0.03651424635251049,0.03651424635251049,32.48427743366278,15.55856351396631,37.22140976964977,11.492858622461544,37.22140976964977,11.492858622461544,41.25320377233546,8.273664752685548,2396187,40.24619598293228,70.12309799146614,4611
"frequency (Eight_Exposures)","","","","","pen",,0.003742518339005796,0.003353850258208358,0.04372036359702848,0.030184652323875228,43.55539050538233,44.84302528290802,0.03898740609094915,0.03026457793150668,28.82190585701724,99.99985,99.99985,0.008722828159442472,0.008722828159442472,36.617005002155736,21.534295154526536,40.881865421070465,17.839432089667998,40.881865421070465,17.839432089667998,44.470133226595465,14.889123740488039,,27.731825533587838,63.86591276679392,2420
"frequency (Eight_Exposures)","","","","","occ",,1.10907052957181,1.0359848484848484,1.541685716554364,1.487794612794613,-1.290136229970352,3.622213933045791,1.4826595155155577,1.4848647835346571,-0.14851642005070825,0.26227621965631,50.13113810982816,-0.002205268019099371,-0.002205268019099371,2.357255977007716,-2.5789745436937785,3.6887671483723725,-3.859094726311279,3.6887671483723725,-3.859094726311279,4.787590330735607,-4.867895945378765,,10.982485122056806,55.4912425610284,105
"frequency (Eight_Exposures)","","","","","dolocc",,2.6597824840310444,2.460312500000002,3.0583753767113713,3.4380502989684962,-16.8451551294036,-11.043320755692179,3.3668145526770643,3.4303504839981525,-1.8521702554147048,24.06430572606081,62.03215286303041,-0.06353593132108815,-0.06353593132108815,1.0910338277514549,-4.702858160704314,2.6420053558930454,-6.15417785252116,2.6420053558930454,-6.15417785252116,3.9330405273028597,-7.329354069577132,,23.721619870228828,61.86080993511441,105
"frequency (Eight_Exposures)","","","","","dolhh",152016,0.011276859504132231,0.008619903322725511,0.22430578512396693,0.16501368853656523,34.32148018038227,35.9316230751749,0.1946188789322726,0.1541558547718728,26.24812675475668,99.28977244378233,99.64488622189116,0.04046302416039979,0.04046302416039979,35.49009825354151,17.711827789870142,40.52547871131145,13.417866613020058,40.52547871131145,13.417866613020058,44.870139966250704,10.005083154464918,1216132,17.28616099768594,58.64308049884297,2420
"frequency (Five_Exposures)","","","","","pen",,0.002703227787844444,0.003353850258208358,0.037714704427795516,0.030184652323875228,27.102099724413637,24.946625268776824,0.03732188318446993,0.03026457793150668,23.318697088507232,99.89648721611702,99.99985,0.007057305252963251,0.007057305252963251,29.39799818830332,17.500352943727403,32.71673725900401,14.651086101687468,32.71673725900401,14.651086101687468,35.54737865702547,12.261485812382027,,25.66251415185301,62.83125707592651,5584
"frequency (Five_Exposures)","","","","","occ",,1.0647077083889376,1.0359848484848484,1.3673820682889581,1.487794612794613,-10.023924211529039,-8.093358012600726,1.4562954791715574,1.4848647835346571,-1.9240340723208258,47.40636588114842,73.70318294057421,-0.02856930436309968,-0.02856930436309968,0.4171109089161162,-4.211849616818131,1.6704719483347605,-5.384174627459877,1.6704719483347605,-5.384174627459877,2.6924074340408706,-6.365384464296783,,31.891144081500812,65.9455720407504,209
"frequency (Five_Exposures)","","","","","dolocc",,2.537535749949717,2.460312500000002,3.468343158349882,3.4380502989684962,-1.3650292022315582,0.881105764813111,3.4187154981263883,3.4303504839981525,-0.3391777582506177,11.097749757561681,55.54887487878084,-0.011634985871764147,-0.011634985871764147,2.517772199942055,-3.1184985104514555,4.055155753691056,-4.532881161517363,4.055155753691056,-4.532881161517363,5.34633564846303,-5.661513974101086,,8.865894478306767,54.432947239153386,209
"frequency (Five_Exposures)","","","","","dolhh",366465,0.007492836676217766,0.008619903322725511,0.19173710601719196,0.16501368853656523,16.87768110277899,16.194667071335186,0.18581296411721168,0.1541558547718728,20.535781396163376,98.54446277120249,99.27223138560124,0.031657109345338885,0.031657109345338885,28.05645856368091,13.421964055203784,32.26424804294054,9.890781441311981,32.26424804294054,9.890781441311981,35.764842933598665,7.065035211164878,1832325,29.308934737774493,64.65446736888725,5584
"frequency (Four_Exposure)","","","","","pen",,0.003663025773418501,0.003353850258208358,0.03655214413322787,0.030184652323875228,20.070850010588114,21.09513053531556,0.036124372214728216,0.03026457793150668,19.36188998400419,99.71156537642086,99.85578268821043,0.0058597942832215345,0.0058597942832215345,24.63143827443222,14.279360477131656,27.47827379451492,11.79057694590216,27.47827379451492,11.79057694590216,29.84441595458833,9.746003362146674,,66.92790561706343,83.46395280853172,7967
"frequency (Four_Exposure)","","","","","occ",,1.0325829068427197,1.0359848484848484,1.424523134224909,1.487794612794613,-4.024045820082567,-4.25270249170061,1.4568492176912289,1.4848647835346571,-1.8867418874827364,47.92475474360172,73.96237737180086,-0.028015565843428236,-0.028015565843428236,0.37500016111696266,-4.130712762769628,1.5737988261400147,-5.252901170862518,1.5737988261400147,-5.252901170862518,2.5795031249127276,-6.170313528182579,,31.784877385209718,65.89243869260486,289
"frequency (Four_Exposure)","","","","","dolocc",,2.4558464919598273,2.460312500000002,3.3876103628702086,3.4380502989684962,-1.3372092919032172,-1.4671087305913166,3.409988757818533,3.4303504839981525,-0.5935756790626053,5.159114257330899,52.57955712866544,-0.0203617261796194,-0.0203617261796194,2.1729673942842465,-3.2920925270813597,3.656547063627043,-4.669196097174039,3.656547063627043,-4.669196097174039,4.886866609341069,-5.790077364628929,,3.306808748962331,51.65340437448116,289
"frequency (Four_Exposure)","","","","","dolhh",539439,0.009233086481737166,0.008619903322725511,0.20013932471444706,0.16501368853656523,20.91490307558491,21.286498404705608,0.1794600815452259,0.1541558547718728,16.414703684657013,96.35907898467818,98.1795394923391,0.025304226773353117,0.025304226773353117,23.052606014996417,10.0447782299939,26.727254250863226,6.933980948313721,26.727254250863226,6.933980948313721,29.902582380318997,4.375026084015271,2157757,63.238041311838266,81.61902065591913,7967
"frequency (One_Exposure)","","","","","pen",,0.003234807972778057,0.003353850258208358,0.03596366744172958,0.030184652323875228,19.539921613141964,19.145541435583514,0.03656991433288863,0.03026457793150668,20.834047035619914,99.99985,99.99985,0.006305336401381947,0.006305336401381947,23.223261986759532,18.48416389421155,24.48690582791386,17.28939385882411,24.48690582791386,17.28939385882411,25.56549018817259,16.288344966276437,,82.00018349764333,91.00009174882166,81506
"frequency (One_Exposure)","","","","","occ",,1.0400711034953958,1.0359848484848484,1.4725833832448438,1.487794612794613,-1.297052993361014,-1.0224011714356795,1.4768773896054614,1.4848647835346571,-0.5379206253502776,17.307571484944262,58.65378574247213,-0.007987393929195674,-0.007987393929195674,0.9359551308113803,-1.973122390574996,1.715571618184343,-2.7316467415725794,1.715571618184343,-2.7316467415725794,2.373219082867788,-3.344574710243743,,2.417080365457114,51.208540182728555,2909
"frequency (One_Exposure)","","","","","dolocc",,2.45785809668921,2.460312500000002,3.4955652738025265,3.4380502989684962,1.7442844906258248,1.6728950955512838,3.4687782163968435,3.4303504839981525,1.1202275854303554,63.796509508670795,81.8982547543354,0.03842773239869102,0.03842773239869102,2.9407286813052878,-0.6632486583264051,3.9013878410527627,-1.5901125757574173,3.9013878410527627,-1.5901125757574173,4.708628058171246,-2.348787947185377,,53.9324867406564,76.9662433703282,2909
"frequency (One_Exposure)","","","","","dolhh",7232662,0.00829460407822737,0.008619903322725511,0.19679250607317253,0.16501368853656523,19.45542643511753,19.258291732304052,0.1873462126223845,0.1541558547718728,21.53039072024113,99.99985,99.99985,0.03319035785051169,0.03319035785051169,25.252252949896835,17.949696334245367,27.266060386801705,16.109627431610466,27.266060386801705,16.109627431610466,28.927767847377027,14.600153857411064,7232662,37.05312322818589,68.52656161409294,81506
"frequency (Other)","","","","","pen",,0.0051108257888347304,0.003353850258208358,0.0465699217458106,0.030184652323875228,48.462688038776655,54.28344592518323,0.040075481325709,0.03026457793150668,32.417116195725164,99.99985,99.99985,0.009810903394202316,0.009810903394202316,40.76606615430066,24.624948122441385,45.29193572284246,20.676209851845275,45.29193572284246,20.676209851845275,49.233025668825434,17.488195211583083,,53.17687804612411,76.58843902306205,1969
"frequency (Other)","","","","","occ",,0.998163476614629,1.0359848484848484,1.4604287770778517,1.487794612794613,0.7027540000174436,-1.839355747185987,1.4755600165706448,1.4848647835346571,-0.6266406926200161,12.617528851315573,56.308764425657785,-0.009304766964012279,-0.009304766964012279,1.8755275830299005,-3.0702449583256204,3.2153912260471396,-4.338847845666215,3.2153912260471396,-4.338847845666215,4.3335862511027265,-5.354778867331733,,0.41251182307255885,50.20625591153628,91
"frequency (Other)","","","","","dolocc",,2.7540490391945736,2.460312500000002,3.8022831489790936,3.4380502989684962,2.050473515095937,10.594168739179779,3.441170975223937,3.4303504839981525,0.31543398484381086,25.10019299195626,62.55009649597814,0.010820491225784323,0.010820491225784323,3.3369181096343037,-2.5907157974672663,4.9367686624777605,-4.114122624561321,4.9367686624777605,-4.114122624561321,6.309424581320353,-5.342024120625291,,22.11956904964858,61.05978452482429,91
"frequency (Other)","","","","","dolhh",127089,0.01399695276790249,0.008619903322725511,0.2628948704926358,0.16501368853656523,56.058459956427,59.317007470190084,0.20348944012710254,0.1541558547718728,32.00240784123052,99.8351786289444,99.99985,0.04933358535522975,0.04933358535522975,41.981908501538896,22.71627028006962,47.43877075553885,18.214796764796432,47.43877075553885,18.214796764796432,52.13066318204731,14.58480979028804,1143809,52.74907199745875,76.37453599872937,1969
"frequency (Seven_Exposure)","","","","","pen",,0.006031580554766439,0.003353850258208358,0.0394159732858534,0.030184652323875228,21.711665236695104,30.582830184452565,0.03761296813314425,0.03026457793150668,24.280497875331637,99.68762137242729,99.84381068621364,0.0073483902016375675,0.0073483902016375675,31.394761283646012,17.579636657755085,35.28189626687796,14.219823596062465,35.28189626687796,14.219823596062465,38.598270342894715,11.467169618621591,,13.469127974145911,56.73456398707295,3170
"frequency (Seven_Exposure)","","","","","occ",,0.998163476614629,1.0359848484848484,1.531094685646135,1.487794612794613,5.452462592895548,2.9103528456921177,1.4830689113630318,1.4848647835346571,-0.12094516561638427,1.020511391712653,50.51025569585632,-0.0017958721716253567,-0.0017958721716253567,2.368676316218963,-2.538590340848071,3.6951662895912682,-3.788115590139602,3.6951662895912682,-3.788115590139602,4.785210684381683,-4.799113720602037,,11.711240420535574,55.85562021026779,124
"frequency (Seven_Exposure)","","","","","dolocc",,2.256296382656925,2.460312500000002,3.4743543932843215,3.4380502989684962,6.990014419829876,1.0559500635205201,3.42433531713518,3.4303504839981525,-0.1753513785553952,14.472799841838146,57.23639992091907,-0.006015166862972432,-0.006015166862972432,2.7743672404027606,-3.0907893602541883,4.376075831546145,-4.547658382805999,4.376075831546145,-4.547658382805999,5.692103150135425,-5.725830965810152,,12.105605294067079,56.05280264703354,124
"frequency (Seven_Exposure)","","","","","dolhh",199580,0.013533123028391169,0.008619903322725511,0.20681072555205043,0.16501368853656523,22.351974334327114,25.3294362341482,0.191018408426435,0.1541558547718728,23.91252262790354,98.88047835194581,99.4402391759729,0.0368625536545622,0.0368625536545622,32.555092101595015,15.870991616851757,37.351525967294755,11.767972271460767,37.351525967294755,11.767972271460767,41.398804920297074,8.6400479316289,1397065,1.2688845486489075,50.634442274324456,3170
"frequency (Six_Exposures)","","","","","pen",,0.003322759992807033,0.003353850258208358,0.04206464632334047,0.030184652323875228,39.46073036410371,39.35773012057685,0.03902329060235762,0.03026457793150668,28.940475200656117,99.99985,99.99985,0.008758712670850936,0.008758712670850936,35.68904449952478,22.50255038019233,39.42101035763439,19.277720784410068,39.42101035763439,19.277720784410068,42.5483889601162,16.694605310284697,,32.2942345206676,66.1471172603338,4240
"frequency (Six_Exposures)","","","","","occ",,1.0694608678013882,1.0359848484848484,1.6258832415639244,1.487794612794613,7.0313878376176975,9.281430889841134,1.5017256781853716,1.4848647835346571,1.135517175548999,34.94721890307323,67.47360945153662,0.016860894650714497,0.016860894650714497,3.6052840570681726,-1.2689988687705152,4.911545633137637,-2.508363453958088,4.911545633137637,-2.508363453958088,6.007738214769261,-3.4985594739260204,,40.60382898349473,70.30191449174737,177
"frequency (Six_Exposures)","","","","","dolocc",,2.6681099182327688,2.460312500000002,3.3238783981602156,3.4380502989684962,-9.364880994837296,-3.320832765085932,3.401707263902281,3.4303504839981525,-0.8349939817953287,0.8050444090863307,50.40252220454317,-0.028643220095871502,-0.028643220095871502,2.0440960935170684,-3.6297338791182856,3.6020494373025227,-5.0460003253100965,3.6020494373025227,-5.0460003253100965,4.896558413214302,-6.224352168076654,,2.1362319848813316,51.06811599244067,177
"frequency (Six_Exposures)","","","","","dolhh",276880,0.009740566037735848,0.008619903322725511,0.2501391509433963,0.16501368853656523,50.90777646195465,51.586909644752396,0.19934779320553492,0.1541558547718728,29.315745743513478,99.99985,99.99985,0.04519193843366212,0.04519193843366212,37.75869270539522,21.390660922096245,42.46124414158246,17.441307450250214,42.46124414158246,17.441307450250214,46.46436937624342,14.333124239948278,1661283,40.71557683707122,70.35778841853562,4240
"frequency (Ten_or_More_Exposures)","","","","","pen",,0.0034798414721614003,0.003353850258208358,0.04262356653066766,0.030184652323875228,40.79199873075963,41.20940030491453,0.04009554299226033,0.03026457793150668,32.483403809571065,99.99985,99.99985,0.009830965060753646,0.009830965060753646,37.36633858676907,27.827216496827084,39.96361470162152,25.458561778657053,39.96361470162152,25.458561778657053,42.177488361392804,23.491774010534684,,75.77469178451753,87.88734589225878,12435
"frequency (Ten_or_More_Exposures)","","","","","occ",,0.998163476614629,1.0359848484848484,1.4228732241752096,1.487794612794613,-1.821489103141755,-4.363598850345186,1.4529886333232094,1.4848647835346571,-2.146737572667589,57.63972900404995,78.81986450202497,-0.03187615021144774,-0.03187615021144774,-0.062273865814497,-4.195627066132629,1.052615218062046,-5.247182948466397,1.052615218062046,-5.247182948466397,1.9996754648831474,-6.087908624988383,,39.866587579633794,69.9332937898169,526
"frequency (Ten_or_More_Exposures)","","","","","dolocc",,2.416892531105374,2.460312500000002,3.2526866492620083,3.4380502989684962,-4.128609777886232,-5.391533968019658,3.3667384048266684,3.4303504839981525,-1.8543900825359017,27.845140234979194,63.9225701174896,-0.06361207917148404,-0.06361207917148404,0.6717191063689988,-4.316787276419177,2.0132278070507894,-5.562718107437179,2.0132278070507894,-5.562718107437179,3.141385734255205,-6.59825134102243,,26.849976512464636,63.42498825623232,526
"frequency (Ten_or_More_Exposures)","","","","","dolhh",714534,0.008363490148773623,0.008619903322725511,0.20477683956574186,0.16501368853656523,24.252269346891545,24.096880314487095,0.19614068567088402,0.1541558547718728,27.235313871887897,99.99985,99.99985,0.04198483089901123,0.04198483089901123,33.650986536808745,21.181062227546054,37.059161335025074,18.120897428975614,37.059161335025074,18.120897428975614,40.02468419249042,15.670266640408562,15659870,34.27812551241425,67.13906275620712,12435
"frequency (Three_Exposures)","","","","","pen",,0.002730035985047182,0.003353850258208358,0.040473067204408915,0.030184652323875228,36.15158139510387,34.084920939757964,0.03937861553285361,0.03026457793150668,30.114537271834322,99.99985,99.99985,0.009114037601346926,0.009114037601346926,34.886496057801814,25.582007583714983,37.407930417166,23.23669315670228,37.407930417166,23.23669315670228,39.49807906185618,21.372878492350214,,56.04185490460441,78.0209274523022,13270
"frequency (Three_Exposures)","","","","","occ",,1.0258902398539242,1.0359848484848484,1.4604287770778517,1.487794612794613,-1.1608609775374499,-1.839355747185987,1.4717534452459475,1.4848647835346571,-0.8829988046115959,22.870887283720197,61.4354436418601,-0.013111338288709584,-0.013111338288709584,1.2230876895896858,-2.976409381648368,2.341184811390357,-4.035781269874228,2.341184811390357,-4.035781269874228,3.2926594185321414,-4.893522595382363,,7.378734893297811,53.68936744664891,533
"frequency (Three_Exposures)","","","","","dolocc",,2.4962871925371712,2.460312500000002,3.3580290675165747,3.4380502989684962,-3.3738867643644608,-2.3275177642377702,3.394202265712131,3.4303504839981525,-1.0537762381612379,6.796479045719773,53.39823952285989,-0.03614821828602155,-0.03614821828602155,1.4737613119560047,-3.5268998646458827,2.844782767713365,-4.786746131373042,2.844782767713365,-4.786746131373042,3.9494734614496445,-5.843389009470953,,7.709479927525953,53.854739963762974,533
"frequency (Three_Exposures)","","","","","dolhh",959852,0.007076865109269028,0.008619903322725511,0.21062999246420494,0.16501368853656523,28.579048537931563,27.64395143953869,0.19671307322515033,0.1541558547718728,27.606618325496452,99.99985,99.99985,0.042557218453277534,0.042557218453277534,33.965177044704106,21.577777181091832,37.424839762558406,18.528960061186776,37.424839762558406,18.528960061186776,40.2817380223921,16.09886949335366,2879558,36.40093330710001,68.20046665355001,13270
"frequency (Two_Exposures)","","","","","pen",,0.0036421773615623364,0.003353850258208358,0.035267559584408366,0.030184652323875228,15.884165587644612,16.839376534785192,0.03551568098231689,0.03026457793150668,17.35065680642977,99.99985,99.99985,0.005251103050810207,0.005251103050810207,20.811430509570325,13.988331054421216,22.680403788930896,12.243221731917647,22.680403788930896,12.243221731917647,24.223144552154274,10.815034704131318,,92.5060923700264,96.2530461850132,25143
"frequency (Two_Exposures)","","","","","occ",,1.0310699648546717,1.0359848484848484,1.5181646276549128,1.487794612794613,2.3716242945791315,2.041277377880411,1.5013061278426867,1.4848647835346571,1.1072620544539855,41.92062440945649,70.96031220472825,0.01644134430802957,0.01644134430802957,3.0624913525599937,-0.8204009095758031,4.1056023196662,-1.8225639349318663,4.1056023196662,-1.8225639349318663,4.980204709356917,-2.6372045543954594,,46.06545588288387,73.03272794144193,880
"frequency (Two_Exposures)","","","","","dolocc",,2.4108745606388164,2.460312500000002,3.2879897211710305,3.4380502989684962,-2.9267354950120903,-4.364699895242596,3.3594427290259152,3.4303504839981525,-2.067070268854645,36.065231652248364,68.03261582612419,-0.07090775497223722,-0.07090775497223722,0.2575875283041623,-4.319941953566367,1.4631067127189514,-5.474121845653875,1.4631067127189514,-5.474121845653875,2.490472509374259,-6.414796463172006,,33.971861099706004,66.985930549853,880
"frequency (Two_Exposures)","","","","","dolhh",1944148,0.00909994829574832,0.008619903322725511,0.1881259197390924,0.16501368853656523,13.715338666882362,14.006250879850949,0.17912518225944654,0.1541558547718728,16.197456479693585,99.39543013248775,99.69771506624387,0.024969327487573745,0.024969327487573745,21.159479722711698,11.43746561208706,23.841223930390615,9.030642365112493,23.841223930390615,9.030642365112493,26.11153397703484,7.096005654286462,3888297,76.44721090481087,88.22360545240544,25143
"placement (Display)","","","","","pen",,0.003940906188191516,0.003353850258208358,0.03440908180046155,0.03018465232387522,12.05040729830144,13.995289497652836,0.036897485702952704,0.03026457793150668,21.91640599269977,99.82727151903039,99.99985,0.006632907771446022,0.006632907771446022,28.68172741665454,15.469596988875717,32.42705529300923,12.29407385343578,32.42705529300923,12.29407385343578,35.46027482711993,9.731719644843025,,12.003599270445143,56.00179963522257,4045
"placement (Display)","","","","","occ",,1.0007699067926212,1.0359848484848484,1.5614987088264298,1.487794612794613,7.320838292286528,4.9539160444581904,1.4438707127219998,1.4848647835346576,-2.7607948728552283,17.116050996356925,58.55802549817846,-0.04099407081265771,-0.04099407081265771,-0.21261093128819575,-5.22948931890488,1.1281577293018616,-6.519409150514733,1.1281577293018616,-6.519409150514733,2.256282193362178,-7.564048351854657,,25.42280779605468,62.71140389802734,137
"placement (Display)","","","","","dolocc",,2.387639273410694,2.4603125000000015,3.089068547651237,3.4380502989684953,-8.036779590189557,-10.150571427706048,3.4221360171082713,3.4303504839981525,-0.23946436167965537,27.63107639835041,63.8155381991752,-0.008214466889881145,-0.008214466889881145,2.5870350332267944,-3.0001251209675015,4.114305133623669,-4.404954017776033,4.114305133623669,-4.404954017776033,5.36590808745223,-5.559500548139463,,26.960214816213924,63.48010740810697,137
"placement (Display)","","","","","dolhh",488368,0.009451174289245984,0.008619903322725511,0.17697156983930776,0.16501368853656523,6.742840812116321,7.246599605639864,0.1823149772466036,0.15415585477187285,18.266657803170656,98.75223740467366,99.37611870233684,0.028159122474730736,0.028159122474730736,26.540978897244184,10.481790946145356,31.09265629943554,6.673122917176035,31.09265629943554,6.673122917176035,34.90425855799385,3.507613184681181,1397842,11.125053334794321,55.56252666739716,4045
"placement (Other)","","","","","pen",,0.003471464619171316,0.003353850258208358,0.03516285705222611,0.03018465232387522,16.102853580139925,16.492503126873086,0.03924715171321743,0.03026457793150668,29.680155467687907,99.99985,99.99985,0.008982573781710749,0.008982573781710749,36.38279291709834,23.278517701866,39.981797666959,20.078689990510394,39.981797666959,20.078689990510394,43.10502703973308,17.51979274039006,,5.72814220972151,52.864071104860756,4305
"placement (Other)","","","","","occ",,1.067487900578796,1.0359848484848484,1.4424809889206058,1.487794612794613,-5.163123680335514,-3.045690815407094,1.4278891657520625,1.4848647835346576,-3.8370913240306663,12.828947575215732,56.41447378760787,-0.05697561778259508,-0.05697561778259508,-1.334059048119354,-6.291254466871498,-0.006351114569293909,-7.558941734319492,-0.006351114569293909,-7.558941734319492,1.114434700250843,-8.597314665606214,,0.593969901301461,50.29698495065074,149
"placement (Other)","","","","","dolocc",,2.5714639728981505,2.4603125000000015,3.5380108998704816,3.4380502989684953,-0.3255005314936904,2.907479303952505,3.5019201459600833,3.4303504839981525,2.0863658770667284,16.375565306282226,58.187782653141106,0.07156966196193082,0.07156966196193082,4.945080939075652,-0.7013354341166039,6.4832448557418845,-2.100975455168391,6.4832448557418845,-2.100975455168391,7.764397309992667,-3.278339238134962,,13.774223534867092,56.88711176743355,149
"placement (Other)","","","","","dolhh",464357,0.009663182346109175,0.008619903322725511,0.194006968641115,0.16501368853656523,16.937989405026034,17.570227271251607,0.19624964561126387,0.15415585477187285,27.305995546963434,99.53867487952482,99.76933743976241,0.04209379083939102,0.04209379083939102,35.61247047455663,19.450343451175076,40.11311279086095,15.60723279570978,40.11311279086095,15.60723279570978,44.04307166655001,12.543358948058254,2856788,10.387513388313852,55.193756694156924,4305
"placement (Rich_Media_Display)","","","","","pen",,0.0033473138355229544,0.003353850258208358,0.031033966724628357,0.03018465232387522,2.8353840695444656,2.813729280828429,0.034932831513869146,0.03026457793150668,15.424809798859343,99.99985,99.99985,0.0046682535823624645,0.0046682535823624645,19.22631689851852,11.749428440010904,21.216263659062992,9.871937808187583,21.216263659062992,9.871937808187583,22.93761918947653,8.341718480259457,,88.37254758872287,94.18627379436143,22621
"placement (Rich_Media_Display)","","","","","occ",,1.0271059569713745,1.0359848484848484,1.4113144095381496,1.487794612794613,-4.543726073588201,-5.14050814532834,1.405795494609954,1.4848647835346576,-5.325016109310806,59.33540812666634,79.66770406333316,-0.07906928892470355,-0.07906928892470355,-3.2886053991670106,-7.3301076023390115,-2.216771635061257,-8.351763315742305,-2.216771635061257,-8.351763315742305,-1.2943702418877248,-9.162926727067017,,40.99852701155212,70.49926350577607,691
"placement (Rich_Media_Display)","","","","","dolocc",,2.476028964700276,2.4603125000000015,3.4175095540432627,3.4380502989684953,-1.054586363567318,-0.5974532987895893,3.45477145809417,3.4303504839981525,0.7119090078385963,6.662081662080343,53.33104083104017,0.024420974096017734,0.024420974096017734,3.1213649310708127,-1.6119201504501544,4.387859448800975,-2.8297059198490278,4.387859448800975,-2.8297059198490278,5.446769325221156,-3.8412789331747508,,7.597852338576727,53.798926169288364,691
"placement (Rich_Media_Display)","","","","","dolhh",2566180,0.008603510012819946,0.008619903322725511,0.15849476150479644,0.16501368853656523,-3.9406026127477,-3.9505371279087957,0.16965835794330392,0.15415585477187285,10.056382999122807,97.52737931580744,98.76368965790373,0.015502503171431065,0.015502503171431065,15.256237818841326,5.083136889361518,18.083914733549328,2.575266817046999,18.083914733549328,2.575266817046999,20.43333474131256,0.5648766624554269,3335376,84.53300800231904,92.26650400115952,22621
"placement (Video)","","","","","pen",,0.003309687733586458,0.003353850258208358,0.039007977332540814,0.03018465232387522,29.377471166939877,29.231163287862643,0.03742596586653294,0.03026457793150668,23.662606335477612,99.99985,99.99985,0.0071613879350262595,0.0071613879350262595,26.01517838534566,21.40336907566766,27.244531093177272,20.221444520492803,27.244531093177272,20.221444520492803,28.266596779031705,19.282951126507182,,98.92108885787628,99.46054442893814,126733
"placement (Video)","","","","","occ",,1.0388039175020793,1.0359848484848484,1.4912427319429449,1.487794612794613,0.042280710367639834,0.23176042705620353,1.5032582015308062,1.4848647835346576,1.2387267985684147,2.7351884502993085,51.367594225149645,0.018393417996148687,0.018393417996148687,2.5664400535938694,-0.06859434701733842,3.248900160676243,-0.7334439408024375,3.248900160676243,-0.7334439408024375,3.8255895760784884,-1.285702740896134,,17.90412255207663,58.952061276038314,4866
"placement (Video)","","","","","dolocc",,2.4540354832246796,2.4603125000000015,3.4424771045132267,3.4380502989684953,0.31133408150732167,0.12875918499678618,3.423165122579504,3.4303504839981525,-0.20946435217528728,40.21177438943474,70.10588719471738,-0.0071853614186485615,-0.0071853614186485615,1.3859495151182837,-1.7932848572642293,2.2383225524600365,-2.610615626491889,2.2383225524600365,-2.610615626491889,2.942148818127468,-3.259046282581013,,30.893673183841873,65.44683659192094,4866
"placement (Video)","","","","","dolhh",8993757,0.008543710004497645,0.008619903322725511,0.20844397276163273,0.16501368853656523,26.365374854132064,26.319200916137227,0.19259031688936776,0.15415585477187285,24.93221044012376,99.99985,99.99985,0.038434462117494905,0.038434462117494905,28.580669112990286,21.396617015970968,30.535815115444166,19.574413911625683,30.535815115444166,19.574413911625683,32.16536210525089,18.085784536814778,31478750,95.76032359746792,97.88016179873395,126733
"publisher (GumGum)","","","","","pen",,0.0032824402851599206,0.003353850258208359,0.03594333639522826,0.030184652323875218,19.31476295252882,19.078185859368283,0.03665292177871885,0.03026457793150669,21.10831963911722,99.99985,99.99985,0.006388343847212163,0.006388343847212163,24.063418226848484,18.186727871159945,25.65322564034338,16.707479841931143,25.65322564034338,16.707479841931143,26.948133005837466,15.477436380829301,,6.213652333833353,53.106826166916676,48955
"publisher (GumGum)","","","","","occ",,1.0441634403671218,1.0359848484848482,1.4581137979732428,1.4877946127946127,-2.544666204465545,-1.9949537769610974,1.46380801739091,1.4848647835346571,-1.4180931743577583,49.423881532433086,74.71194076621654,-0.021056766143747074,-0.021056766143747074,0.3333078900152298,-3.1263725648096132,1.250733390279381,-4.013003225399506,1.250733390279381,-4.013003225399506,2.010199109146202,-4.739946409618185,,27.72928287347619,63.86464143673809,1690
"publisher (GumGum)","","","","","dolocc",,2.428522398008935,2.4603125000000015,3.5334601004364425,3.438050298968495,3.699768543152995,2.775113601350541,3.488635674295491,3.4303504839981525,1.6991030674336736,65.09132049160199,82.54566024580099,0.058285190297338474,0.058285190297338474,3.788735032354338,-0.33315865375129333,4.8768035710602105,-1.3977496872094393,4.8768035710602105,-1.3977496872094393,5.819025110632925,-2.2716445685068103,,57.04211845985743,78.52105922992871,1690
"publisher (GumGum)","","","","","dolhh",5171944,0.008486160759881525,0.008619903322725511,0.18553876008579306,0.16501368853656523,12.519454776925404,12.43840540215529,0.18717521430434253,0.15415585477187285,21.41946511297498,99.99985,99.99985,0.03301935953246968,0.03301935953246968,25.98374945198514,17.031100325463143,28.372403120307965,14.826371511008826,28.372403120307965,14.826371511008826,30.414170089163406,12.996998462807666,10629274,15.129049031808005,57.564524515904004,48955
"publisher (Kargo)","","","","","pen",,0.0022209733547103594,0.003353850258208359,0.03223489170000915,0.030184652323875218,10.545479356454855,6.7923239735719925,0.03493329216694956,0.03026457793150669,15.426331885443373,99.6995369192508,99.8497684596254,0.004668714235442874,0.004668714235442874,20.800735371927956,10.31227353137295,23.679701344450095,7.74985984156944,23.679701344450095,7.74985984156944,26.105018753715548,5.6919286787594086,,65.48007222726177,82.7400361136309,9044
"publisher (Kargo)","","","","","occ",,1.0938855089560324,1.0359848484848482,1.3798719773324386,1.4877946127946127,-11.145577118462784,-7.253866530640045,1.4505818691254029,1.4848647835346571,-2.3088239945758042,54.309520357029704,77.15476017851486,-0.03428291440925424,-0.03428291440925424,0.281235348704569,-4.808752402915114,1.6651585067609256,-6.09158331579553,1.6651585067609256,-6.09158331579553,2.826950777216848,-7.125138335945694,,40.35616201379211,70.17808100689605,280
"publisher (Kargo)","","","","","dolocc",,2.7519012064293467,2.4603125000000015,3.468238856565368,3.438050298968495,-7.603150800641256,0.8780720167453734,3.4274060083016478,3.4303504839981525,-0.08583600160508482,11.588425496128895,55.79421274806444,-0.002944475696504689,-0.002944475696504689,2.7289102948892885,-2.8443675819146903,4.223289762924121,-4.259454508798504,4.223289762924121,-4.259454508798504,5.503414285731891,-5.409804084727386,,9.299284819419851,54.649642409709934,280
"publisher (Kargo)","","","","","dolhh",1047190,0.006730429013710747,0.008619903322725511,0.1568487394957983,0.16501368853656523,-3.8030025190071344,-4.948043470319529,0.17367900194623023,0.15415585477187285,12.664551212309554,95.43148061559589,97.71574030779794,0.01952314717435738,0.01952314717435738,19.622069576317976,6.126552509917881,23.391229176102062,2.925267863570208,23.391229176102062,2.925267863570208,26.550285368043653,0.21285093114636716,1504101,63.03978014135936,81.51989007067968,9044
"publisher (Other)","","","","","pen",,0.004484590984594885,0.003353850258208359,0.039983068615443366,0.030184652323875218,28.715505721845723,32.461584074029155,0.03871408302727032,0.03026457793150669,27.918793762418026,99.99985,99.99985,0.008449505095763633,0.008449505095763633,34.76246758997792,21.402885590794135,38.516686301813074,18.183361815641593,38.516686301813074,18.183361815641593,41.67525420656059,15.521382259252167,,33.56266244650592,66.78133122325296,4479
"publisher (Other)","","","","","occ",,0.9944413717782111,1.0359848484848482,1.444473198513784,1.4877946127946127,-0.11950154671228716,-2.9117872795261386,1.4772808872866123,1.4848647835346571,-0.5107465900020637,16.43775227643799,58.21887613821899,-0.007583896248044786,-0.007583896248044786,2.25266206964033,-3.2158827314606233,3.738934884095642,-4.585976968456345,3.738934884095642,-4.585976968456345,4.942153265356656,-5.691994905398481,,4.923213657356429,52.46160682867822,172
"publisher (Other)","","","","","dolocc",,2.221782188498583,2.4603125000000015,3.3348115830464033,3.438050298968495,3.935125545426657,-3.0028273860061288,3.4493364038531453,3.4303504839981525,0.5534688056966222,5.088640424975366,52.54432021248768,0.018985919854992872,0.018985919854992872,3.5313510159034895,-2.307543354510761,5.085997444445161,-3.7904634707709897,5.085997444445161,-3.7904634707709897,6.4005037283470205,-4.952860601071531,,6.088076034646328,53.04403801732316,172
"publisher (Other)","","","","","dolhh",356603,0.009988836793927217,0.008619903322725511,0.19555927662424646,0.16501368853656523,17.681354119912466,18.510941945832975,0.1972729813825437,0.15415585477187285,27.96982746745339,99.66490317256162,99.83245158628081,0.04311712661067085,0.04311712661067085,36.56140254928651,19.907016966926772,41.29448154033303,15.923358078170322,41.29448154033303,15.923358078170322,45.28378198956,12.806629313173158,2123289,22.022864013416843,61.01143200670842,4479
"publisher (PureWow)","","","","","pen",,0.003936810696428667,0.003353850258208359,0.039679382694752116,0.030184652323875218,29.524176184092184,31.45549025710272,0.03859275256870745,0.03026457793150669,27.51789453680365,99.99985,99.99985,0.008328174637200762,0.008328174637200762,34.59358381452676,20.838885503808193,38.41057965140306,17.450159597233416,38.41057965140306,17.450159597233416,41.65104142849517,14.763015807632298,,56.93596738363189,78.46798369181595,4592
"publisher (PureWow)","","","","","occ",,1.0496881146547785,1.0359848484848482,1.5414002980385457,1.4877946127946127,2.6819843767985985,3.6030299332272966,1.4983613340453172,1.4848647835346571,0.9089413837758452,22.87809628298033,61.43904814149017,0.013496550510660121,0.013496550510660121,3.7051510057739283,-1.858276976038547,5.2061242690751035,-3.241478102848942,5.2061242690751035,-3.241478102848942,6.467490110210085,-4.405518342267263,,30.014352443755786,65.0071762218779,175
"publisher (PureWow)","","","","","dolocc",,2.548654430207856,2.4603125000000015,3.3101793423706227,3.438050298968495,-6.288822675764698,-3.7192869643657285,3.3944260794443784,3.4303504839981525,-1.0472517231505563,11.195898698002527,55.59794934900126,-0.0359244045537741,-0.0359244045537741,1.8958857551323476,-3.8971320786358974,3.4802621708521566,-5.349423505766026,3.4802621708521566,-5.349423505766026,4.774783639111656,-6.508599380234601,,11.755296577261321,55.87764828863067,175
"publisher (PureWow)","","","","","dolhh",545298,0.010712108013937282,0.008619903322725511,0.2026785714285714,0.16501368853656523,21.557410488955806,22.82530814627542,0.19628570305230467,0.15415585477187285,27.329385797754853,99.99985,99.99985,0.042129848280431814,0.042129848280431814,36.284211480435644,18.915680502229893,41.1649933194105,14.777385240034333,41.1649933194105,14.777385240034333,45.409284299309476,11.467774123730118,2491862,52.886883810017096,76.44344190500854,4592
"publisher (Undertone)","","","","","pen",,0.00372439125318509,0.003353850258208359,0.03126238859734245,0.030184652323875218,2.342896883165777,3.570477678203275,0.03333610458929506,0.03026457793150669,10.148916217300973,98.70800377268478,99.35400188634237,0.003071526657788374,0.003071526657788374,14.305435600767414,6.1316220440229845,16.57875271682701,4.100798806211562,16.57875271682701,4.100798806211562,18.438414664420506,2.4605763616850433,,96.85885703587088,98.42942851793543,16719
"publisher (Undertone)","","","","","occ",,1.0104807487423757,1.0359848484848482,1.4524360640198606,1.4877946127946127,-0.662352783612344,-2.3765745937428844,1.4698825771609847,1.4848647835346571,-1.0089946599721977,27.296930214053273,63.64846510702664,-0.014982206373672424,-0.014982206373672424,1.333268947497795,-3.2902082149095015,2.578842158274424,-4.46792824857958,2.578842158274424,-4.46792824857958,3.639563753370441,-5.418758784126034,,12.833716086994663,56.41685804349733,502
"publisher (Undertone)","","","","","dolocc",,2.4467093209535453,2.4603125000000015,3.346593472715292,3.438050298968495,-2.2644708610023745,-2.660136365097456,3.3847242221470797,3.4303504839981525,-1.330075806070239,19.888137054040644,59.94406852702032,-0.04562626185107277,-0.04562626185107277,1.251034300126406,-3.842635437157693,2.655471018832748,-5.149018272061028,2.655471018832748,-5.149018272061028,3.8252148582107437,-6.19579099780836,,19.64095612965051,59.82047806482525,502
"publisher (Undertone)","","","","","dolhh",1907021,0.009334888450266164,0.008619903322725511,0.16081344578025003,0.16501368853656523,-2.978678876550724,-2.5453905027912094,0.16585202616052688,0.15415585477187285,7.587237867781655,86.85298362394369,93.42649181197184,0.01169617138865403,0.01169617138865403,13.289242490938758,2.2006784087190074,16.375846626423495,-0.5063531355580242,16.375846626423495,-0.5063531355580242,19.043549492828753,-2.7038762012926334,2420463,91.931910221652,95.965955110826,16719
"publisher (Xaxis)","","","","","pen",,0.003369713717756965,0.003353850258208359,0.04259689499799409,0.030184652323875218,41.06848434614924,41.12103906627123,0.03957890048702756,0.03026457793150669,30.77631737207962,99.99985,99.99985,0.009314322555520869,0.009314322555520869,33.472241370472766,28.15146061758075,34.87985193974548,26.78830163887822,34.87985193974548,26.78830163887822,36.07750439975036,25.693695751075683,,98.90662095473331,99.45331047736666,73915
"publisher (Xaxis)","","","","","occ",,1.0225102814654994,1.0359848484848482,1.5365445222458525,1.4877946127946127,4.182329733921316,3.2766558658032756,1.5091903008031902,1.4848647835346571,1.6382311398501346,65.40631698472443,82.70315849236222,0.024325517268533048,0.024325517268533048,3.16818448876999,0.15189052092076888,3.974203251161601,-0.6245498793369745,3.974203251161601,-0.6245498793369745,4.637406269445362,-1.2605680755206894,,62.50033236891505,81.25016618445753,3024
"publisher (Xaxis)","","","","","dolocc",,2.437898700424365,2.4603125000000015,3.328704045056345,3.438050298968495,-2.5285393399449485,-3.180472779730903,3.381200313317578,3.4303504839981525,-1.4328031759392974,32.36761538226409,66.18380769113205,-0.04915017068057459,-0.04915017068057459,0.32029072886031495,-3.1721415885034925,1.2626517475523547,-4.079604281365751,1.2626517475523547,-4.079604281365751,2.04129348278126,-4.8184196230857514,,29.191367839139538,64.59568391956977,3024
"publisher (Xaxis)","","","","","dolhh",3484579,0.008535615233714402,0.008619903322725511,0.22399039437191368,0.16501368853656523,35.79157247386314,35.74049302114706,0.20196617065878344,0.15415585477187285,31.014271859906046,99.99985,99.99985,0.04781031588691059,0.04781031588691059,35.14138751155906,26.981460538799467,37.40546853899009,24.920860572232723,37.40546853899009,24.920860572232723,39.25917417362777,23.25088053875433,19899744,94.88105919620688,97.44052959810344,73915
"target (Contextual)","","","","","pen",,0.0033231853308239804,0.003353850258208359,0.03472625185756507,0.03018465232387522,15.147646598724254,15.046055475343564,0.035862371915715216,0.030264577931506678,18.49619048670427,99.99985,99.99985,0.005597793984208538,0.005597793984208538,20.855998711999117,16.176422524972526,22.11143361459504,14.979144521559986,22.11143361459504,14.979144521559986,23.15414004656428,13.991840523681603,,98.77494163395365,99.38747081697682,81433
"target (Contextual)","","","","","occ",,1.0412680039313977,1.0359848484848484,1.447927242823445,1.4877946127946127,-3.0347283845118924,-2.6796286011738095,1.4610011937886196,1.4848647835346571,-1.6071220767477072,96.24379774629239,98.1218988731462,-0.023863589746037528,-0.023863589746037528,-0.04706011453474608,-3.143745093454178,0.7922234976136104,-3.9447393907055366,0.7922234976136104,-3.9447393907055366,1.4943018922032791,-4.597497363030297,,84.32528992618778,92.16264496309388,2708
"target (Contextual)","","","","","dolocc",,2.4572545922752163,2.460312500000002,3.467535179784101,3.4380502989684953,0.9465477730257519,0.8576046960235598,3.447048213882561,3.430350483998152,0.4867645438068331,43.04488798056197,71.52244399028098,0.016697729884409096,0.016697729884409096,2.2991763431243073,-1.2779148725023433,3.261671741080164,-2.21931276910096,3.261671741080164,-2.21931276910096,4.06690493221179,-2.9786135132268234,,34.825153305597524,67.41257665279876,2708
"target (Contextual)","","","","","dolhh",8907847,0.008618864588066261,0.008619903322725511,0.17621578475556593,0.16501368853656523,6.7892155208550715,6.78858603692047,0.18060798148458213,0.1541558547718728,17.159339651325244,99.42761744643045,99.71380872321522,0.02645212671270933,0.02645212671270933,20.719828396496247,13.680721695264559,22.644125375658714,11.922207464515298,22.644125375658714,11.922207464515298,24.262431255212157,10.484469767607305,18292535,97.00928321538456,98.50464160769228,81433
"target (Other)","","","","","pen",,0.004039145093317393,0.003353850258208359,0.04689261687078553,0.03018465232387522,53.08217414559315,55.352516131831585,0.04071656128149527,0.030264577931506678,34.53536795934512,99.99985,99.99985,0.010451983349988592,0.010451983349988592,42.6271253185871,26.935238629757634,47.02744612963329,23.178635147861364,47.02744612963329,23.178635147861364,50.68344248160444,20.114755648876876,,70.17602289798505,85.08801144899252,3474
"target (Other)","","","","","occ",,0.9969587271683594,1.0359848484848484,1.4620655825781645,1.4877946127946127,0.8937450764836508,-1.729340192200304,1.513549787710278,1.4848647835346571,1.931826014981471,32.104714240807475,66.05235712040374,0.02868500417562081,0.02868500417562081,5.5433239331238395,-1.5991953333372715,7.491743228954764,-3.3538606656609407,7.491743228954764,-3.3538606656609407,9.150003282784544,-4.771706011077859,,22.731791717730076,61.36589585886504,156
"target (Other)","","","","","dolocc",,2.6013189212009866,2.460312500000002,3.4535903978755327,3.4380502989684953,-3.64934516320458,0.45200324473727943,3.4442366228825803,3.430350483998152,0.40480233577309666,10.412174639874006,55.206087319937005,0.013886138884428245,0.013886138884428245,3.2072185015805594,-2.309889901607259,4.693652503198195,-3.6916219149439966,4.693652503198195,-3.6916219149439966,5.931242871894855,-4.825124309812279,,8.167533625366241,54.08376681268312,156
"target (Other)","","","","","dolhh",208474,0.010521013241220496,0.008619903322725511,0.23580023028209557,0.16501368853656523,41.7452833385826,42.897375589446824,0.21225639525352383,0.1541558547718728,37.68948027801538,99.80610521544077,99.99985,0.05810054048165103,0.05810054048165103,47.767187359545424,28.319227684274683,53.37220735302808,23.656594180461145,53.37220735302808,23.656594180461145,58.19329972354295,20.01676206500385,1354323,52.17750116228582,76.0887505811429,3474
"target (PBT_IRI)","","","","","pen",,0.0033416828380848917,0.003353850258208359,0.04303183071183224,0.03018465232387522,42.602265780974726,42.56195582479927,0.03983353932939084,0.030264577931506678,31.617693197440826,99.99985,99.99985,0.009568961397884164,0.009568961397884164,34.243184630543226,29.066172021012036,35.63017615147298,27.748487601994608,35.63017615147298,27.748487601994608,36.80272350898191,26.668887693795362,,69.20279797202117,84.60139898601058,68385
"target (PBT_IRI)","","","","","occ",,1.0275671091428267,1.0359848484848484,1.5316996121699875,1.4877946127946127,3.5167985061537275,2.9510121220902583,1.5133607752466236,1.4848647835346571,1.9190967438888942,20.32611185945824,60.163055929729126,0.028495991711966484,0.028495991711966484,3.4884406542585964,0.3485328697947009,4.33719650409213,-0.4480470118292987,4.33719650409213,-0.4480470118292987,5.028102192943397,-1.1021072457926966,,0.9665994864948235,50.483299743247414,2818
"target (PBT_IRI)","","","","","dolocc",,2.3914503516973213,2.460312500000002,3.347197399590019,3.4380502989684953,-0.6396285441895295,-2.6425703953701536,3.396487330333049,3.430350483998152,-0.9871630850278245,10.51524715237363,55.25762357618682,-0.03386315366510306,-0.03386315366510306,0.780621420867851,-2.7443007829894936,1.7242081192599628,-3.6289604877396116,1.7242081192599628,-3.6289604877396116,2.5055926619414115,-4.369720272860576,,10.80285498949648,55.40142749474823,2818
"target (PBT_IRI)","","","","","dolhh",3058622,0.008326241134751772,0.008619903322725511,0.2247672735248958,0.16501368853656523,36.38925213346679,36.21128981374769,0.20474880169990753,0.1541558547718728,32.81934831661411,99.99985,99.99985,0.05059294692803473,0.05059294692803473,36.81425640935864,28.918165778495702,38.96305851794245,26.923125131718077,38.96305851794245,26.923125131718077,40.76452064667265,25.303678038452894,17073567,45.21696246821333,72.60848123410666,68385
"target (PBT_Shopcom)","","","","","pen",,0.0036347597601825215,0.003353850258208359,0.0381065873847353,0.03018465232387522,25.314273879650024,26.24491074423955,0.037627811207150315,0.030264577931506678,24.329542253348944,99.28772222279665,99.64386111139832,0.007363233275643637,0.007363233275643637,31.296570169134252,17.648316383253086,35.20832565471166,14.324811045013439,35.20832565471166,14.324811045013439,38.44736842299944,11.663284875384337,,31.068143373939083,65.53407168696954,4412
"target (PBT_Shopcom)","","","","","occ",,0.9969587271683594,1.0359848484848484,1.712584314698597,1.4877946127946127,17.732005543757985,15.10892027507403,1.5899226236671256,1.4848647835346571,7.075246264672177,70.9480822378199,85.47404111890995,0.10505784013246844,0.10505784013246844,10.88107366810812,3.4637280715242156,12.910236899262785,1.6403108392853554,12.910236899262785,1.6403108392853554,14.631265149788225,0.11516773558679742,,72.34266484151446,86.17133242075722,161
"target (PBT_Shopcom)","","","","","dolocc",,3.0776342941185684,2.460312500000002,3.068150463549612,3.4380502989684953,-28.714577847614443,-10.759000109156714,3.3687748729183027,3.430350483998152,-1.7950239011169944,26.435136559947313,63.217568279973655,-0.061575611079849324,-0.061575611079849324,0.9439483688160755,-4.448536227246381,2.4047729205220816,-5.810406259330745,2.4047729205220816,-5.810406259330745,3.6184771464184426,-6.9144805137315375,,25.77486342899944,62.88743171449972,161
"target (PBT_Shopcom)","","","","","dolhh",337695,0.011201269265639167,0.008619903322725511,0.22969854941069812,0.16501368853656523,37.63535951592147,39.199693945268926,0.2015379954239904,0.1541558547718728,30.736517093195037,98.78288321088978,99.3914416054449,0.0473821406521176,0.0473821406521176,40.04775855039771,22.05143543253268,45.193563414987565,17.76348390869854,45.193563414987565,17.76348390869854,49.66025702280307,14.383214973054448,2348308,8.000523316432318,54.00026165821616,4412
"variation (Desktop)","","","","","pen",,0.0036424856829933164,0.003353850258208358,0.039683079875465495,0.03018465232387522,30.511506403937037,31.467738802070883,0.03928009348626405,0.03026457793150668,29.78900143646756,99.99985,99.99985,0.00901551555475737,0.00901551555475737,32.466689360764015,27.150558927538114,33.9019390676019,25.787670836792703,33.9019390676019,25.787670836792703,35.09185612870062,24.70073678752907,,72.27139139013255,86.13569569506627,65146
"variation (Desktop)","","","","","occ",,1.0417192018022545,1.0359848484848484,1.5026142606169441,1.487794612794613,0.6106551554088286,0.996081562259096,1.49683287920008,1.4848647835346571,0.8060057587825173,31.481760799809944,65.74088039990498,0.011968095665422895,0.011968095665422895,2.34100625949624,-0.7034898865521922,3.159502714811016,-1.49065864105332,3.159502714811016,-1.49065864105332,3.850170919051585,-2.1439689308389203,,37.60559328003811,68.80279664001905,2595
"variation (Desktop)","","","","","dolocc",,2.4632268416385896,2.460312500000002,3.496850548814211,3.4380502989684953,1.6255116518770933,1.7102789294082599,3.4793147153486155,3.4303504839981525,1.4273827580846514,46.14338075427228,73.07169037713615,0.04896423135046302,0.04896423135046302,3.313991625122233,-0.4222383380345144,4.301928498131603,-1.3683414361147226,4.301928498131603,-1.3683414361147226,5.135133240355524,-2.136636438695709,,38.00719497382589,69.00359748691294,2595
"variation (Desktop)","","","","","dolhh",5433810,0.00945890768427839,0.008619903322725511,0.22367175267859885,0.16501368853656523,35.038947552322995,35.54739286312943,0.2045688674754035,0.1541558547718728,32.702626039169445,99.99985,99.99985,0.05041301270353071,0.05041301270353071,36.872249919425435,28.63972526327501,39.138241378354934,26.556521602482796,39.138241378354934,26.556521602482796,41.0300830964279,24.87229913368935,13226345,78.70726107677196,89.35363053838597,65146
"variation (Mobile)","","","","","pen",,0.0031308519216655937,0.003353850258208358,0.03469071198314474,0.03018465232387522,15.667094472616231,14.92831393557364,0.03494564870490303,0.03026457793150668,15.467160268979521,99.99985,99.99985,0.004681070773396346,0.004681070773396346,17.711113275001203,13.21442997925919,18.896622124707303,12.070304039675268,18.896622124707303,12.070304039675268,19.88881990490949,11.134019748552621,,99.60720990680795,99.80360495340398,89167
"variation (Mobile)","","","","","occ",,1.0282776637144833,1.0359848484848484,1.455873933820811,1.487794612794613,-1.6274755934191087,-2.145503062001501,1.4630836921768406,1.4848647835346571,-1.4668737247554298,62.63757368449659,81.31878684224829,-0.021781091357816473,-0.021781091357816473,-0.016517992804811643,-2.90702915972265,0.7498254235030161,-3.6347207392303127,0.7498254235030161,-3.6347207392303127,1.385740578220814,-4.241685763351649,,35.62558206787695,67.81279103393847,3105
"variation (Mobile)","","","","","dolocc",,2.455761181107652,2.460312500000002,3.3706033938563587,3.4380502989684953,-1.8293969183248118,-1.9617777300225223,3.392983089019253,3.4303504839981525,-1.0893171165223605,42.27612000370791,71.13806000185396,-0.037367394978899515,-0.037367394978899515,0.6608870895227258,-2.8244765944337993,1.592537596250168,-3.710359359714499,1.592537596250168,-3.710359359714499,2.3889807542985184,-4.423256527335786,,37.6792345501575,68.83961727507875,3105
"variation (Mobile)","","","","","dolhh",6751182,0.007995671044220396,0.008619903322725511,0.1821996927114291,0.16501368853656523,10.79318728726098,10.414896077579435,0.1734778261984623,0.1541558547718728,12.534049683148968,99.1612137196475,99.58060685982376,0.019321971426589507,0.019321971426589507,15.896101171794927,9.226910438470734,17.702147729412946,7.547030067200909,17.702147729412946,7.547030067200909,19.214304644956822,6.182276360646932,23740121,98.47567904429599,99.23783952214798,89167
"variation (Other)","","","","","pen",,0.002940227001086447,0.003353850258208358,0.04201109599126916,0.03018465232387522,40.55063080794309,39.180320980671205,0.040050057223312646,0.03026457793150668,32.33311006005762,99.99985,99.99985,0.009785479291805965,0.009785479291805965,40.66824365803686,24.545390004438357,45.24870373742122,20.67938759257569,45.24870373742122,20.67938759257569,49.076347083265475,17.521594451219734,,52.440606842735306,76.22030342136765,3391
"variation (Other)","","","","","occ",,1.0996858348057672,1.0359848484848484,1.4410339627242945,1.487794612794613,-7.424521868898997,-3.142950624245444,1.4789394158418452,1.4848647835346571,-0.3990509949806237,14.169478109181954,57.08473905459097,-0.005925367692811934,-0.005925367692811934,2.1750659831458177,-2.90188349384509,3.535506396220056,-4.20348818961851,3.535506396220056,-4.20348818961851,4.667452153894813,-5.274686149281758,,2.0855822958026793,51.04279114790133,143
"variation (Other)","","","","","dolocc",,2.505756319159517,2.460312500000002,3.434770038937655,3.4380502989684953,-1.4172008828658977,-0.09541047237803085,3.471486294825081,3.4303504839981525,1.199172242568744,0.30822897525286663,50.15411448762643,0.04113581082692841,0.04113581082692841,4.2569491005005355,-1.7535163118704615,5.883750410920257,-3.2768761564410656,5.883750410920257,-3.2768761564410656,7.274402038553205,-4.527879820036664,,1.0368241055369376,50.51841205276847,143
"variation (Other)","","","","","dolhh",327675,0.008274845178413448,0.008619903322725511,0.2169183131819522,0.16501368853656523,31.66384755899876,31.45473875876999,0.20562171620574612,0.1541558547718728,33.38560284332695,99.71516020185105,99.85758010092553,0.05146586143387333,0.05146586143387333,43.302808773045705,24.219713937228835,48.660508610035144,19.622352903758948,48.660508610035144,19.622352903758948,53.428857654957355,16.053528280954815,2102295,43.54014082699387,71.77007041349694,3391
