MODEL_DESC,MODEL,TIME_AGG_PERIOD,START_WEEK,END_WEEK,DEPENDENT_VARIABLE,CNT_EXPSD_HH,UDJ_AVG_EXPSD_HH_PRE,UDJ_AVG_CNTRL_HH_PRE,UDJ_AVG_EXPSD_HH_PST,UDJ_AVG_CNTRL_HH_PST,UDJ_DOD_EFFECT,UDJ_DIFF_EFFECT,ADJ_MEAN_EXPSD_GRP,ADJ_MEAN_CNTRL_GRP,ADJ_DOD_EFFECT,TWOTAIL_PVAL,ONETAIL_PVAL,ABS_DIFF,DOL_DIFF,ONETAIL_80_PCT_INTRVL_LB,ONETAIL_80_PCT_INTRVL_UB,ONETAIL_90_PCT_INTRVL_LB,ONETAIL_90_PCT_INTRVL_UB,TWOTAIL_80_PCT_INTRVL_LB,TWOTAIL_80_PCT_INTRVL_UB,TWOTAIL_90_PCT_INTRVL_LB,TWOTAIL_90_PCT_INTRVL_UB,CNT_IMPRESSIONS,TWOTAIL_PVAL_TO_CAMPAIGN,ONETAIL_PVAL_TO_CAMPAIGN,CNT_EXPSD_HH_MODEL,SE_ADJ_DOD_EFFECT
Total Campaign,TCP0,20,2026,2045,PEN, ,0.131999178981938,0.131999178981938,0.126580459770115,0.1146004378763,10.4537313432835,10.4537313432836,0.12666739,0.1186102875,6.79292047074753,99.9997091140774,99.9998545570387,0.0080571025, ,5.64606162462319,7.93977931687187,5.07263220156103,8.51320873993404,5.07263220156103,8.51320873993404,4.29339956436671,9.29244137712836, , , ,48720,0.068014628730363
Total Campaign,TCP0,20,2026,2045,OCC, ,1.84714663349401,1.86031203027005,1.79325441868007,1.81498507462687,-0.471918986580225,-1.19729116512221,1.793821432875,1.82291025,-1.59573501355868,83.643354051868,91.821677025934,0.029088817125, ,-2.50019558760916,-0.691274439508188,-2.95242587463441,-0.239044152482944,-2.95242587463441,-0.239044152482944,-3.56696113391011,0.375491106792756, , , ,6167,0.824375225578759
Total Campaign,TCP0,20,2026,2045,DOL/OCC, ,7.24614552959006,7.24629235465031,7.58049690007396,7.48460836656544,1.28310465779044,1.28114296449854,7.58544845875,7.4906465,1.26560449421822,87.3628748521427,93.6814374260713,0.09480195875, ,0.611800084714711,1.91940890372173,0.284897879962955,2.24631110847349,0.284897879962955,2.24631110847349,-0.159329180715323,2.69053816915177, , , ,6167,2.44870885586602
Total Campaign,TCP0,20,2026,2045,DOL/HH,2404428,1.79441071428571,1.80873912151067,1.74165209359606,1.56783210180624,12.0005451347769,11.086645795144,1.72355864185114,1.61959728112141,6.41896364865146,99.7125354069948,99.8562677034974,0.103961360729731,0.103961360729731,4.71852057172385,8.11940672557906,3.86829903326005,8.96962826404286,3.86829903326005,8.96962826404286,2.71293388286606,10.1249934144369,11369690, , ,48720,1.37701649204684
household_age ( 18_24 ),AGE1,20,2026,2045,PEN, ,0.136404697380307,0.136404697380307,0.140018066847335,0.110207768744354,27.0491803278689,27.0491803278689,0.139942760875,0.1238873875,12.9596512598992,88.9531302180205,94.4765651090102,0.016055373375, ,6.54798505889981,19.3713174608987,3.3421519584001,22.5771505613984,3.3421519584001,22.5771505613984,-1.01425125503668,26.9335537748352, ,81.5908583306333,90.7954291653167,1107,0.397162287581934
household_age ( 18_24 ),AGE1,20,2026,2045,OCC, ,2.06622516556291,1.99116997792494,1.90967741935484,1.95628415300546,-6.21903117201476,-2.38241124526942,1.9064783342625,1.885928625,1.08963345643582,11.4102967292546,55.7051483646273,0.0205497092625, ,-4.90648350349016,7.0857504163618,-7.90454198345315,10.0838088963248,-7.90454198345315,10.0838088963248,-11.978600484548,14.1578673974196, ,67.6640919802561,83.8320459901281,155,5.65412430678619
household_age ( 18_24 ),AGE1,20,2026,2045,DOL/OCC, ,7.789353200883,7.8124394512772,8.03742603686636,7.71453876489327,4.48469484581132,4.18543845346215,8.042426525,7.553485625,6.47304998346376,77.4468491284071,88.7234245642035,0.4889409, ,2.25550992616221,10.6905900407653,0.146739897511441,12.7993600694161,0.146739897511441,12.7993600694161,-2.71886546659233,15.6649654335199, ,90.1009638338298,95.0504819169149,155,15.9285640978445
household_age ( 18_24 ),AGE1,20,2026,2045,DOL/HH,79202,2.16710027100271,2.10305329719964,2.21821138211382,1.66936464920205,29.0409743216041,32.8775820893369,2.14560312565061,1.76470736383284,21.5840750497286,85.5193032309403,92.7596516154701,0.380895761817768,0.380895761817768,9.89514921710466,33.2730008823526,4.05068630079267,39.1174637986646,4.05068630079267,39.1174637986646,-3.89134818174634,47.0594982812036,354531,98.1922553510487,99.0961276755244,1107,10.3137667460637
household_age ( 25_34 ),AGE2,20,2026,2045,PEN, ,0.139412747672476,0.139412747672476,0.145380759131058,0.123577623935705,17.6432710882164,17.6432710882164,0.14552699125,0.130744525,11.3063749705772,99.4479068380373,99.7239534190186,0.01478246625, ,8.0889947925348,14.5237551486195,6.48030470351363,16.1324452376407,6.48030470351363,16.1324452376407,4.2942574410584,18.3184925000959, ,99.9525087693196,99.9762543846598,4189,0.210327421561282
household_age ( 25_34 ),AGE2,20,2026,2045,OCC, ,1.82191780821918,1.87214611872146,1.75205254515599,1.81970379909852,-0.957460409154157,-3.71770691340206,1.7511973795,1.793668375,-2.36782875206795,52.3688196850233,76.1844098425117,0.0424709955, ,-4.99298161434647,0.257324110210568,-6.30555804548573,1.56990054134983,-6.30555804548573,1.56990054134983,-8.08921677107726,3.35355926694136, ,50.0817434148444,75.0408717074222,609,2.35432683430486
household_age ( 25_34 ),AGE2,20,2026,2045,DOL/OCC, ,7.23682663412501,7.27147375458763,7.20047239815466,7.57631669212593,-4.50347031907018,-4.96077855829184,7.183756712625,7.353513625,-2.30851428353748,74.4078486688433,87.2039243344217,0.169756912375, ,-3.91307880851279,-0.703949758562179,-4.71536107100044,0.0983325039254738,-4.71536107100044,0.0983325039254738,-5.80558158991634,1.18855302284137, ,99.2120869785559,99.6060434892779,609,5.89959354829878
household_age ( 25_34 ),AGE2,20,2026,2045,DOL/HH,352257,1.86513965146813,1.92764223760643,1.87658629744569,1.71545317100342,13.0365384704589,9.39303556435863,1.83084667762821,1.72452143180936,6.16549286414465,69.2323871123691,84.6161935561845,0.106325245818851,0.106325245818851,1.39288650451495,10.9380992237743,-0.993416675299897,13.3244024035892,-0.993416675299897,13.3244024035892,-4.23616154531805,16.5671472736073,1605386,79.6272844854523,89.8136422427262,4189,4.11523097638552
household_age ( 35_44 ),AGE3,20,2026,2045,PEN, ,0.136141555526212,0.136141555526212,0.132312161626832,0.120031691535719,10.2310231023102,10.2310231023102,0.13200787875,0.1221806125,8.043228830597,98.2308395675471,99.1154197837736,0.00982726625, ,5.36560940557743,10.7208482556166,4.02679969306765,12.0596579681263,4.02679969306765,12.0596579681263,2.20749258913612,13.8789650720579, ,83.6060887324883,91.8030443662442,7573,0.163576590695394
household_age ( 35_44 ),AGE3,20,2026,2045,OCC, ,1.86614936954413,1.88005172971225,1.8872255489022,1.7975797579758,5.76042040054579,4.98702716965091,1.88749143,1.884930625,0.135856724169888,3.20588293026582,51.6029414651329,0.002560805, ,-2.53340774273672,2.8051211910765,-3.86803997619003,4.1397534245298,-3.86803997619003,4.1397534245298,-5.68167030824505,5.95338375658483, ,94.1853926515214,97.0926963257607,1002,2.51568916994828
household_age ( 35_44 ),AGE3,20,2026,2045,DOL/OCC, ,7.17942375395916,7.17186239630614,7.61583534266244,7.4482163427983,2.14893922040653,2.25045825939533,7.60627193875,7.465712,1.88273990143204,72.0086344746032,86.0043172373016,0.14055993875, ,0.506813611743524,3.25866619112056,-0.181149533100734,3.94662933596481,-0.181149533100734,3.94662933596481,-1.11602192382452,4.8815017266886, ,23.9583099641644,61.9791549820822,1002,5.13613470602152
household_age ( 35_44 ),AGE3,20,2026,2045,DOL/HH,406270,1.8553532285752,1.85996170606101,1.91003037105506,1.62657335270038,17.709960350835,17.4266360557361,1.89529074195916,1.71939650966185,10.229998217916,91.5360230577842,95.7680115288921,0.175894232297317,0.175894232297317,5.54533630142894,14.9146601344031,3.20300534318539,17.2569910926467,3.20300534318539,17.2569910926467,0.0200142786056142,20.4399821572265,1876759,95.9756079899032,97.9878039949516,7573,4.02739567407685
household_age ( 45_54 ),AGE4,20,2026,2045,PEN, ,0.132832278481013,0.132832278481013,0.125,0.117747890295359,6.15901455767077,6.15901455767077,0.1251358105,0.1198128875,4.44269653379316,90.5582259304257,95.2791129652129,0.005322923, ,2.34518231789046,6.54021074969587,1.2964252099391,7.58896785764722,1.2964252099391,7.58896785764722,-0.128729716086761,9.01412278367308, ,36.6424267933055,68.3212133966528,12640,0.125654617389801
household_age ( 45_54 ),AGE4,20,2026,2045,OCC, ,1.88445503275759,1.89994044073853,1.84556962025316,1.84232922732363,1.01641990110967,0.175885660471431,1.8420990661875,1.863647,-1.15622399588012,43.2590536397638,71.6295268198819,0.0215479338125, ,-2.75276095644001,0.440312964679767,-3.55102943671995,1.23858144495971,-3.55102943671995,1.23858144495971,-4.63579563123419,2.32334763947395, ,79.649154514684,89.824577257342,1580,1.48769065846828
household_age ( 45_54 ),AGE4,20,2026,2045,DOL/OCC, ,7.50602532278456,7.52281154313778,7.86546042522878,7.54997284878864,4.40099326776622,4.17865842379499,7.863548075,7.6333175,3.0161273260283,97.0019628582753,98.5009814291377,0.230230575, ,1.918752622708,4.11350202934859,1.37006527104786,4.66218938100873,1.37006527104786,4.66218938100873,0.624454608542756,5.40780004351384, ,99.7046894671475,99.8523447335737,1580,4.18830476345605
household_age ( 45_54 ),AGE4,20,2026,2045,DOL/HH,537933,1.90270727848101,1.92836656118143,1.82684256329114,1.65483755274262,11.9446342585923,10.3940722316492,1.8125913052784,1.70443448546827,6.345613206741,91.5117673569586,95.7558836784793,0.108156819810123,0.108156819810123,3.43747763341813,9.25374878006387,1.9834098467567,10.7078165667253,1.9834098467567,10.7078165667253,0.00747866762594491,12.6837477458561,2554093,79.9453077912751,89.9726538956375,12640,2.47836327979427
household_age ( 55_64 ),AGE5,20,2026,2045,PEN, ,0.134285509222709,0.134285509222709,0.12825665685782,0.113950094499868,12.5551123241654,12.5551123241654,0.1282620345,0.1193203,7.49389207033506,99.3291382568667,99.6645691284334,0.0089417345, ,5.31107531204667,9.67670882862345,4.21966693290247,10.7681172077676,4.21966693290247,10.7681172077676,2.73655323951198,12.2512309011581, ,39.9765286604515,69.9882643302257,13933,0.130227175221999
household_age ( 55_64 ),AGE5,20,2026,2045,OCC, ,1.83217530732229,1.83965793693212,1.77112479015109,1.83287843795927,-2.96097204672064,-3.36921677560541,1.77158654434438,1.798485125,-1.49562430523994,47.1173982945288,73.5586991472644,0.026898580655625, ,-3.37085813831978,0.379609527839893,-4.3084750548597,1.31722644437981,-4.3084750548597,1.31722644437981,-5.58260169219166,2.59135308171177, ,43.2327766495196,71.6163883247598,1787,1.68629007734541
household_age ( 55_64 ),AGE5,20,2026,2045,DOL/OCC, ,7.20625100647615,7.16562035141057,7.57287166351338,7.46079713014492,0.95759041636742,1.50217907568664,7.574731768875,7.49600075,1.05030697702372,54.7953159926882,77.3976579963441,0.078731018875, ,-0.052575733181544,2.15318968722897,-0.604017088284173,2.7046310423316,-0.604017088284173,2.7046310423316,-1.35337016315777,3.4539841172052, ,6.65149928418263,53.3257496420913,1787,4.13360481143033
household_age ( 55_64 ),AGE5,20,2026,2045,DOL/HH,566988,1.7933675446781,1.79778320055504,1.74140816765951,1.5625656116175,11.7280330858711,11.4454429761116,1.72124355919999,1.6086079064145,7.00205763855484,87.6607180061647,93.8303590030823,0.112635652785493,0.112635652785493,3.4132841719543,10.5908311051554,1.61889743865403,12.3852178384557,1.61889743865403,12.3852178384557,-0.819492797531112,14.8236080746408,2732532,0.307612386514911,50.1538061932575,13933,2.88646468635209
household_age ( more_then_65 ),AGE6,20,2026,2045,PEN, ,0.12017676223324,0.12017676223324,0.11144643242078,0.103326866422361,7.85813630041725,7.85813630041725,0.111764835325,0.107102725,4.35293343376651,82.6125415241076,91.3062707620538,0.004662110325, ,1.82524725713894,6.88061961039407,0.56140416882516,8.14446269870786,0.56140416882516,8.14446269870786,-1.15603086868562,9.86189773621864, ,99.9949240517987,99.9974620258993,9278,0.135361038730822
household_age ( more_then_65 ),AGE6,20,2026,2045,OCC, ,1.78206278026906,1.79312406576981,1.66731141199226,1.73887343532684,-3.47930657888627,-4.11542449730558,1.6693222075,1.754874125,-4.87510279405368,91.2305347531812,95.6152673765906,0.0855519175, ,-7.12939792058554,-2.62080766752182,-8.25654548385147,-1.49366010425589,-8.25654548385147,-1.49366010425589,-9.78822511678798,0.0380195286806319, ,99.2012034702146,99.6006017351073,1034,1.97800209383218
household_age ( more_then_65 ),AGE6,20,2026,2045,DOL/OCC, ,6.91476661231146,6.94423382414795,7.27932254222245,7.37828847761341,-0.941935569005418,-1.34131290327339,7.2838694503,7.352862125,-0.938310463695795,41.3799702668411,70.6899851334206,0.0689926747, ,-2.29945078039099,0.422829852999399,-2.98002093873859,1.103400011347,-2.98002093873859,1.103400011347,-3.90484700792245,2.02822608053086, ,99.1647317876766,99.5823658938383,1034,5.0041385407193
household_age ( more_then_65 ),AGE6,20,2026,2045,DOL/HH,461775,1.52229359775814,1.53160594955809,1.37073938348782,1.33049651505353,3.72456595515789,3.02465042027336,1.3589422809761,1.38197682591742,-1.66678228674564,30.3114196091236,65.1557098045618,0.0230345449413212,-0.0230345449413212,-5.04568330540773,1.71211873191645,-6.73513381473878,3.4015692412475,-6.73513381473878,3.4015692412475,-9.03092632703299,5.69736175354171,2246385,99.9999659963787,99.9999829981893,9278,2.33478145242989
household_income ( 100-150k ),INC5,20,2026,2045,PEN, ,0.131725095452968,0.131725095452968,0.125303713988199,0.1111014693972,12.7831293933871,12.7831293933871,0.125324358625,0.1189145625,5.390253296353,94.9560286670243,97.4780143335121,0.006409796125, ,3.21441140037953,7.56609519232648,2.12649045239279,8.65401614031321,2.12649045239279,8.65401614031321,0.648115825517843,10.1323907671882, ,28.9353592649634,64.4676796324817,11524,0.129369643564428
household_income ( 100-150k ),INC5,20,2026,2045,OCC, ,1.82411067193676,1.83157663592446,1.82617728531856,1.8177557927623,0.874014903829208,0.463290646069708,1.8243797450125,1.83409325,-0.529608022247506,16.930649655631,58.4653248278155,0.0097135049875, ,-2.4855547571196,1.42633871262459,-3.46352812455564,2.40431208006063,-3.46352812455564,2.40431208006063,-4.7924951003754,3.73327905588039, ,56.100079186316,78.050039593158,1444,1.79369435189422
household_income ( 100-150k ),INC5,20,2026,2045,DOL/OCC, ,7.33613268222409,7.31067832562085,7.585050036125,7.49482489772948,0.864206738330957,1.20383250611838,7.5849601136875,7.536751875,0.639642109585835,29.8153138553539,64.907656927677,0.0482082386875, ,-0.679731073727768,1.95901529289944,-1.33941766538457,2.61870188455624,-1.33941766538457,2.61870188455624,-2.23586507785494,3.51514929702662, ,3.68260015075959,51.8413000753798,1444,4.97189415658176
household_income ( 100-150k ),INC5,20,2026,2045,DOL/HH,496073,1.79070288094412,1.79974372324424,1.75759458521347,1.53813259284971,14.8558606537647,14.2680802281918,1.73424423010798,1.6437688311573,5.50414372360288,76.8733295921173,88.4366647960586,0.0904753989506849,0.0904753989506849,1.87341760554915,9.13486984165662,0.0580545465222787,10.9502329006835,0.0580545465222787,10.9502329006835,-2.4088403965321,13.4171278437379,2354631,18.4351591594853,59.2175795797426,11524,2.98403721366273
household_income ( 150-200k ),INC6,20,2026,2045,PEN, ,0.14662273476112,0.14662273476112,0.13948380010983,0.124046616633108,12.444663059518,12.444663059518,0.13969127075,0.130164575,7.31896197563738,92.1386848611673,96.0693424305837,0.00952669575, ,4.03294028516809,10.6049836661067,2.38992943993345,12.2479945113413,2.38992943993345,12.2479945113413,0.157243738118221,14.4806802131565, ,99.3233676028456,99.6616838014228,5463,0.213861808390358
household_income ( 150-200k ),INC6,20,2026,2045,OCC, ,1.85268414481898,1.87640449438202,1.87139107611549,1.8165272995573,4.32606359069739,3.02025609918175,1.87330000482375,1.842285,1.68350742820736,39.4589337618505,69.7294668809252,0.03101500482375, ,-0.889646707121625,4.25666156353635,-2.17622377478612,5.54323863120084,-2.17622377478612,5.54323863120084,-3.92455199281906,7.29156684923378, ,83.9246652077775,91.9623326038887,762,2.37024163310228
household_income ( 150-200k ),INC6,20,2026,2045,DOL/OCC, ,7.24213069476646,7.24155894252555,7.72011389485405,7.47243342567691,3.30693768494623,3.31458917152825,7.710489656125,7.580306375,1.71738811975129,54.5341503347744,77.2670751673872,0.130183281125, ,-0.0964259330453124,3.5312021725479,-1.00333295944362,4.4381091989462,-1.00333295944362,4.4381091989462,-2.23572795950588,5.67050419900847, ,71.6186371305927,85.8093185652963,762,6.87463311373935
household_income ( 150-200k ),INC6,20,2026,2045,DOL/HH,231554,1.99628775398133,2.00954908780279,2.04807248764415,1.69216303618281,21.8165021566474,21.0328108965321,2.01788949072117,1.8177873192771,11.0080078853032,91.7178655331568,95.8589327665784,0.200102171444065,0.200102171444065,5.9966200780755,16.0193956925309,3.49092617446166,18.5250895961447,3.49092617446166,18.5250895961447,0.0859413760044978,21.9300743946019,1113361,99.8696863214555,99.9348431607278,5463,4.55481860397919
household_income ( 200kplus ),INC9,20,2026,2045,PEN, ,0.142014682873992,0.142014682873992,0.132747623059333,0.13046094596221,1.75276752767528,1.75276752767528,0.13248338925,0.129008125,2.69383362482014,55.7863826657303,77.8931913328652,0.00347526425, ,-0.0738119084142047,5.46147915805449,-1.45763467503138,6.84530192467166,-1.45763467503138,6.84530192467166,-3.33810997063499,8.72577722027527, ,88.0760366248082,94.0380183124041,8309,0.178524380453594
household_income ( 200kplus ),INC9,20,2026,2045,OCC, ,1.91864406779661,1.85536723163842,1.87307343608341,1.85209102091021,-2.28360380280915,1.13290410332469,1.8697944278625,1.8873,-0.927545813463678,27.9633891199235,63.9816945599618,0.0175055721375, ,-2.97363361426084,1.11854198733349,-3.99667751465943,2.14158588773207,-3.99667751465943,2.14158588773207,-5.38689079010679,3.53179916317943, ,90.6669319050347,95.3334659525173,1103,1.93079075322225
household_income ( 200kplus ),INC9,20,2026,2045,DOL/OCC, ,7.27987541364003,7.27655707029944,7.7040256371512,7.48696806937766,2.85481682908684,2.8991384197473,7.7044849175,7.503957625,2.67228711196247,85.7251278157647,92.8625639078824,0.2005272925, ,1.2325164656028,4.11205775832214,0.51263114242297,4.83194308150197,0.51263114242297,4.83194308150197,-0.465620262716542,5.81019448664148, ,73.3352977072233,86.6676488536117,1103,5.4019889600009
household_income ( 200kplus ),INC9,20,2026,2045,DOL/HH,312102,1.99720182934168,1.94426726040037,1.91811650018053,1.79363702009869,3.98881771165683,6.94005970477739,1.90849911096751,1.82707067720109,4.45677525136352,67.8386376527464,83.9193188263732,0.0814284337664181,0.0814284337664181,0.90604672519323,8.0075037775338,-0.869317537891914,9.78286804061895,-0.869317537891914,9.78286804061895,-3.28185815939818,12.1954086621252,1508387,97.4451929896677,98.7225964948339,8309,3.24371598643359
household_income ( 25-50k ),INC2,20,2026,2045,PEN, ,0.122521808088818,0.122521808088818,0.115979381443299,0.104017975151996,11.4993646759848,11.4993646759848,0.115885987875,0.1072559,8.04625934330885,87.6693253833339,93.834662691667,0.008630087875, ,3.92324608254572,12.169272604072,1.86173945216416,14.2307792344535,1.86173945216416,14.2307792344535,-0.939639729963446,17.0321584165812, ,96.9447604333192,98.4723802166596,5044,0.221108748997542
household_income ( 25-50k ),INC2,20,2026,2045,OCC, ,1.80258899676375,1.84789644012945,1.76239316239316,1.7858958068615,1.22094462698123,-1.31601431494708,1.76367540625,1.83252725,-3.75720708928066,65.9161984416586,82.9580992208293,0.06885184375, ,-6.8720074494301,-0.642406729131228,-8.42940762950482,0.91499345094349,-8.42940762950482,0.91499345094349,-10.5457570888784,3.03134291031708, ,38.0245849203161,69.0122924601581,585,2.85397826914183
household_income ( 25-50k ),INC2,20,2026,2045,DOL/OCC, ,7.09892180531622,7.13081819232547,7.19132997557998,7.46232449242837,-3.20407039497868,-3.63150271907039,7.19516170625,7.3514215,-2.12557249982197,68.4389797195327,84.2194898597664,0.15625979375, ,-3.79814523660475,-0.452999763039196,-4.63443160499614,0.383286605352193,-4.63443160499614,0.383286605352193,-5.77086026750066,1.51971526785672, ,99.2032908792071,99.6016454396036,585,6.14789358874938
household_income ( 25-50k ),INC2,20,2026,2045,DOL/HH,344640,1.59413957176844,1.63468411313772,1.4698354480571,1.38442439862543,9.09804760202224,6.16942676801067,1.47069032453287,1.44489761070358,1.78508938198918,20.1359326831259,60.067966341563,0.0257927138292851,0.025792713829285,-3.74042909907714,7.31060786305551,-6.5031883396103,10.0733671035887,-6.5031883396103,10.0733671035887,-10.2574989528281,13.8276777168064,1614319,99.5170100604496,99.7585050302248,5044,3.99190422559561
household_income ( 50-75k ),INC3,20,2026,2045,PEN, ,0.123088685015291,0.123088685015291,0.118119266055046,0.106354060482501,11.0623003194888,11.0623003194888,0.118176559625,0.111752125,5.74882546976176,87.5824944690131,93.7912472345066,0.006424434625, ,2.79623136160975,8.70141957791378,1.31993430753374,10.1777166319898,1.31993430753374,10.1777166319898,-0.686204199602357,12.1838551391259, ,96.4316248323445,98.2158124161722,7848,0.164979332924234
household_income ( 50-75k ),INC3,20,2026,2045,OCC, ,1.84886128364389,1.89648033126294,1.71197411003236,1.7823482428115,-1.27669131169324,-3.94839409542829,1.7155614025,1.791018375,-4.21307640129599,87.8685796404968,93.9342898202484,0.0754569725, ,-6.3604328038933,-2.06571999869869,-7.43411100519195,-0.992041797400037,-7.43411100519195,-0.992041797400037,-8.89313117863934,0.466978376047353, ,89.3722883942638,94.6861441971319,927,1.92297738736284
household_income ( 50-75k ),INC3,20,2026,2045,DOL/OCC, ,7.25799836243237,7.25869572599205,7.51919857925845,7.49812989462171,0.290286358096258,0.280985858245197,7.524812332475,7.457598,0.901286613665687,35.4276297357988,67.7138148678994,0.067214332475, ,-0.646863375774369,2.44943660310574,-1.4209383704944,3.22351159782577,-1.4209383704944,3.22351159782577,-2.4728280630407,4.27540129037207, ,39.2113862833598,69.6056931416799,927,5.77274013247409
household_income ( 50-75k ),INC3,20,2026,2045,DOL/HH,419440,1.68438200815494,1.71923419979613,1.54180173292559,1.44024252463473,9.47141870891771,7.0515351792308,1.52558493304213,1.49263949547526,2.20719320818803,34.8430363846062,67.4215181923031,0.0329454375668621,0.0329454375668621,-1.65236883121904,6.06675524759509,-3.58214985092257,7.99653626729863,-3.58214985092257,7.99653626729863,-6.20452723986255,10.6189136562386,1964077,98.8427683662711,99.4213841831355,7848,2.88046736762802
household_income ( 75-100k ),INC4,20,2026,2045,PEN, ,0.126078557630393,0.126078557630393,0.129169349645847,0.112985619231595,14.3237082066869,14.3237082066869,0.12925842275,0.116301725,11.1405894882471,99.661220309249,99.8306101546245,0.01295669775, ,8.13831260354556,14.1428663729486,6.63717416119482,15.6440048152993,6.63717416119482,15.6440048152993,4.59727871777609,17.683900258718, ,47.5502510888548,73.7751255444274,7765,0.174584990309205
household_income ( 75-100k ),INC4,20,2026,2045,OCC, ,1.83452502553626,1.86176370446033,1.73180458624128,1.81003039513678,-2.8169212024518,-4.32179531933169,1.73310891626375,1.76019275,-1.5386856772504,41.9241321263767,70.9620660631884,0.02708383373625, ,-3.73871277638147,0.661341421880659,-4.838726325947,1.76135497144619,-4.838726325947,1.76135497144619,-6.33353357633202,3.25616222183122, ,79.2048906628765,89.6024453314383,1003,1.93623587484701
household_income ( 75-100k ),INC4,20,2026,2045,DOL/OCC, ,7.22170229030418,7.23207390616609,7.66530670866189,7.45113355096229,3.01356527870197,2.87437013757378,7.67464202375,7.497149625,2.36746507176719,82.363338861315,91.1816694306575,0.17749239875, ,0.984748656414242,3.75018148712014,0.293390448737767,4.44153969479662,0.293390448737767,4.44153969479662,-0.646095489281969,5.38102563281635, ,53.3653014144809,76.6826507072404,1003,5.18321592742236
household_income ( 75-100k ),INC4,20,2026,2045,DOL/HH,376740,1.71051126851256,1.74271646276025,1.73808242112041,1.54112298776562,14.8699765964002,12.7802540691679,1.71929577002194,1.5347684584139,12.0231368188749,97.1115346631613,98.5557673315807,0.184527311608041,0.184527311608041,7.67813512423199,16.3681385135179,5.50563427691052,18.5406393608393,5.50563427691052,18.5406393608393,2.55342517064415,21.4928484671057,1786195,3.54255922047382,51.7712796102369,7765,3.33428577634646
household_income ( less_than_25k ),INC1,20,2026,2045,PEN, ,0.133357426816046,0.133357426816046,0.123960968558005,0.110107215998073,12.582056892779,12.582056892779,0.124040755,0.1099039625,12.8628596989849,95.908153269046,97.954076634523,0.0141367925, ,7.89446440053588,17.831254997434,5.41026675131135,20.3154526466585,5.41026675131135,20.3154526466585,2.03449319023392,23.6912262077359, ,31.3273996064551,65.6636998032275,2767,0.27302316528296
household_income ( less_than_25k ),INC1,20,2026,2045,OCC, ,1.80487804878049,1.88166214995483,1.67638483965015,1.82166301969365,-3.75997526044537,-7.97503042401002,1.68045450125,1.7739305,-5.26942846689879,73.9322593357072,86.9661296678536,0.09347599875, ,-8.9687873569862,-1.57006957681137,-10.8184668020299,0.279609868232331,-10.8184668020299,0.279609868232331,-13.3319942457887,2.79313731199112, ,85.7568781358548,92.8784390679274,343,3.2812027827861
household_income ( less_than_25k ),INC1,20,2026,2045,DOL/OCC, ,7.05719831591173,7.09356181638295,7.43532745615253,7.5580863002485,-1.14308490526109,-1.62420537711952,7.418966999375,7.367324,0.700973642193556,14.7709346426518,57.3854673213259,0.051642999375, ,-2.27182230504227,3.67376958942938,-3.75822027866018,5.1601675630473,-3.75822027866018,5.1601675630473,-5.77808491469056,7.18003219907768, ,55.7186107882258,77.8593053941129,343,10.9507754645866
household_income ( less_than_25k ),INC1,20,2026,2045,DOL/HH,223876,1.71491507047344,1.79918684495844,1.61272135887243,1.53915552343091,10.2548187966529,4.77962326234118,1.54670927284954,1.43641363498205,7.67854294761461,55.6028384537706,77.8014192268853,0.110295637867489,0.110295637867489,-0.242209626250416,15.5992955214796,-4.20258591318293,19.5596718084121,-4.20258591318293,19.5596718084121,-9.58433706551905,24.9414229607483,1028714,68.3295627383798,84.1647813691899,2767,5.68873849820944
household_presence_children ( 1_child ),CLD2,20,2026,2045,PEN, ,0.138203356367226,0.138203356367226,0.125666337611056,0.115827574860151,8.49431818181819,8.49431818181819,0.1257757735,0.118858875,5.81942114124839,93.3392729033802,96.6696364516901,0.0069168985, ,3.31422995429285,8.32461232820393,2.06163436081508,9.5772079216817,2.06163436081508,9.5772079216817,0.359483532154435,11.2793587503423, ,19.8877269130459,59.9438634565229,10130,0.148882103070725
household_presence_children ( 1_child ),CLD2,20,2026,2045,OCC, ,1.85714285714286,1.8602380952381,1.80989787902592,1.79914772727273,0.769552696454875,0.597513566575861,1.81096465425,1.84541375,-1.86674103571625,47.6184883211431,73.8092441605716,0.03444909575, ,-4.17910129652937,0.445619225096878,-5.33528142693593,1.60179935550344,-5.33528142693593,1.60179935550344,-6.90641338468812,3.17293131325563, ,28.9939770277852,64.4969885138926,1273,2.13363071012906
household_presence_children ( 1_child ),CLD2,20,2026,2045,DOL/OCC, ,7.32718815038137,7.28675313449117,7.59482555552155,7.47690974692132,1.03626759359954,1.57706609537154,7.59461496395,7.518655875,1.0102748445047,45.6892965666599,72.8446482833299,0.07595908895, ,-0.301575527295994,2.3221252163054,-0.957500713196342,2.97805040220575,-0.957500713196342,2.97805040220575,-1.84883675535805,3.86938644436745, ,10.9525623834604,55.4762811917302,1273,4.93167575253012
household_presence_children ( 1_child ),CLD2,20,2026,2045,DOL/HH,412998,1.92448766041461,1.91135702533728,1.74089634748272,1.56913984863442,10.1090966435544,10.9459012845656,1.72989309842605,1.64915746865261,4.89556827095466,65.5399524653653,82.7699762326827,0.0807356297734363,0.0807356297734363,0.805282024430125,8.98585451747919,-1.23986109883214,11.0309976407415,-1.23986109883214,11.0309976407415,-4.01900392842271,13.810140470332,1951179,0.835633656003498,50.4178168280017,10130,3.3727630561915
household_presence_children ( 2_children ),CLD5,20,2026,2045,PEN, ,0.134652981427175,0.134652981427175,0.125366568914956,0.120153144346693,4.33898305084746,4.33898305084746,0.1255437993,0.1220315125,2.87818017497734,48.6576603492127,74.3288301746063,0.0035122868, ,-0.599554394141006,6.3559147440957,-2.33842167870018,8.09478202865487,-2.33842167870018,8.09478202865487,-4.70136659464508,10.4577269445998, ,17.7532686875146,58.8766343437573,4092,0.212196604771524
household_presence_children ( 2_children ),CLD5,20,2026,2045,OCC, ,1.98729582577133,2.02601330913491,1.89473684210526,1.87118644067797,3.32772210386035,1.25858123569793,1.8936728695,1.938538125,-2.3143860273576,47.763549225753,73.8817746128765,0.0448652555, ,-5.17126032228408,0.542488267568879,-6.59969746974732,1.97092541503212,-6.59969746974732,1.97092541503212,-8.54079920034937,3.91202714563417, ,87.25770772667,93.628853863335,513,2.76907986952374
household_presence_children ( 2_children ),CLD5,20,2026,2045,DOL/OCC, ,7.39787131884047,7.40553942959978,7.57988318017265,7.68642800034241,-1.28638048006226,-1.38614217377704,7.58186510775,7.5682265,0.180208768196882,5.66591824947904,52.8329591247395,0.01363860775, ,-1.82202671285543,2.1824442492492,-2.82314445338159,3.18356198977536,-2.82314445338159,3.18356198977536,-4.18356229334241,4.54397982973618, ,0.314485577559531,50.1572427887798,513,7.57668581347019
household_presence_children ( 2_children ),CLD5,20,2026,2045,DOL/HH,150117,1.99152737047898,2.01949006190942,1.8172165200391,1.70813375692408,8.02311025058361,6.38607853002401,1.80252857593642,1.79039337958264,0.677794974677991,9.4426109692999,54.72130548465,0.0121351963537786,0.0121351963537786,-3.83414909316185,5.18973904251783,-6.09012112708177,7.44571107643775,-6.09012112708177,7.44571107643775,-9.15575914063285,10.5113490899888,715408,51.7402986823682,75.8701493411841,4092,4.0390773940538
household_presence_children ( morethan_3_child ),CLD4,20,2026,2045,PEN, ,0.121189773844641,0.121189773844641,0.125860373647984,0.108489019993445,16.012084592145,16.012084592145,0.12589514375,0.11062475,13.803776957688,99.5781862926584,99.7890931463292,0.01527039375, ,9.99435747586707,17.613196439509,8.08964773495659,19.5179061804195,8.08964773495659,19.5179061804195,5.5013396802817,22.1062142350944, ,10.5585913466665,55.2792956733333,4068,0.210708038910787
household_presence_children ( morethan_3_child ),CLD4,20,2026,2045,OCC, ,1.9026369168357,1.94388100067613,1.82421875,1.92371601208459,-3.02815893189114,-5.1721387907342,1.824780330125,1.856993625,-1.73470142499816,35.6989368121404,67.8494684060702,0.032213294875, ,-4.69009961847023,1.2206967684739,-6.16779871520626,2.69839586520994,-6.16779871520626,2.69839586520994,-8.17584245663186,4.70643960663554, ,35.8608674686483,67.9304337343242,512,2.74407780230707
household_presence_children ( morethan_3_child ),CLD4,20,2026,2045,DOL/OCC, ,7.71124492242038,7.70266708302966,8.36931304958063,7.84944399595872,6.5137252332066,6.62300481269192,8.3690815375,7.81477625,7.09304105155922,99.2433141624422,99.6216570812211,0.5543052875, ,4.9959149982225,9.19016710489593,3.94735197155415,10.2387301315643,3.94735197155415,10.2387301315643,2.5224607823787,11.6636213207397, ,99.9999500320728,99.9999750160364,512,8.194285437436
household_presence_children ( morethan_3_child ),CLD4,20,2026,2045,DOL/HH,132283,1.78086037364798,1.82941822353327,1.9422738446411,1.65164536217634,20.536268869675,17.5963005812465,1.92284059829105,1.60545126291647,19.7694780717301,98.489903783847,99.2449518919235,0.317389335374585,0.317389335374585,13.3450706132805,26.1938855301797,10.1328668840557,29.4060892594045,10.1328668840557,29.4060892594045,5.7678066299747,33.7711495134855,613374,93.5886143754323,96.7943071877162,4068,5.15703653382895
household_presence_children ( no_children ),CLD1,20,2026,2045,PEN, ,0.131022017745646,0.131022017745646,0.12714426552744,0.114262241209333,11.2740868564855,11.2740868564855,0.127016890625,0.1191541,6.59884185688952,99.9987714253715,99.9993857126857,0.007862790625, ,5.40711315858115,7.7905705551979,4.81124880942697,8.38643490435208,4.81124880942697,8.38643490435208,4.00152937486779,9.19615433891125, ,18.3380231610107,59.1690115805053,30430,0.0709996802455527
household_presence_children ( no_children ),CLD1,20,2026,2045,OCC, ,1.81740657135691,1.82710475712733,1.77022486430602,1.79858115233439,-1.03737894916382,-1.57659208157285,1.77167993575,1.796102,-1.35972590921896,62.5012865793473,81.2506432896737,0.02442206425, ,-2.56998755552056,-0.149464262917368,-3.17511837867136,0.45566656023343,-3.17511837867136,0.45566656023343,-3.99743001495488,1.27797819651695, ,56.8234047127271,78.4117023563635,3869,1.0868766817228
household_presence_children ( no_children ),CLD1,20,2026,2045,DOL/OCC, ,7.13920934206807,7.15364550961259,7.47147663421126,7.41235957047778,0.992305224519199,0.797547166612559,7.472175758625,7.42802675,0.594357157168288,41.5556829914798,70.7778414957399,0.044149008625, ,-0.263805501473107,1.45251981580968,-0.692886830793805,1.88160114513038,-0.692886830793805,1.88160114513038,-1.27596499590073,2.46467931023731, ,88.2091265579808,94.1045632789904,3869,3.1872275921197
household_presence_children ( no_children ),CLD1,20,2026,2045,DOL/HH,1709027,1.72641340782123,1.7434734363019,1.70492244495564,1.53732555592069,12.0115688446368,10.9018475878111,1.68147739692637,1.58969178088887,5.7737994962884,98.5505032679123,99.2752516339561,0.0917856160374996,0.0917856160374996,3.90887639720025,7.63872259537656,2.97641484765618,8.57118414492063,2.97641484765618,8.57118414492063,1.70929383308843,9.83830515948837,8089725,55.8483202740317,77.9241601370158,30430,1.48232646130511
daypart ( daytime ),DYP1,20,2026,2045,PEN, ,0.126391901663051,0.126391901663051,0.119595083152567,0.112255965292842,6.53784219001611,6.53784219001611,0.1195236835,0.113847975,4.98533987978267,99.0201720316766,99.5100860158383,0.0056757085, ,3.46119052592316,6.50948923364218,2.6991158489934,7.27156391057193,2.6991158489934,7.27156391057193,1.66353337561445,8.30714638395088, ,99.5120202833653,99.7560101416826,27660,0.0867606587672319
daypart ( daytime ),DYP1,20,2026,2045,OCC, ,1.86441647597254,1.88281845919146,1.76813784764208,1.80311325818572,-0.919156201058683,-1.93972344137906,1.76810650875,1.819072375,-2.80175032892795,90.8220871665583,95.4110435832791,0.05096586625, ,-4.11390350198089,-1.48959715587502,-4.76998008850736,-0.833520569348547,-4.76998008850736,-0.833520569348547,-5.66152186881994,0.0580212109640417, ,58.2111814144559,79.105590707228,3308,1.1934507944346
daypart ( daytime ),DYP1,20,2026,2045,DOL/OCC, ,7.34429503508029,7.33146142901721,7.64353277397398,7.50131824777179,1.72477577761129,1.89586045418656,7.6423565475,7.544413,1.29822621720205,85.5392851158222,92.7696425579111,0.0979435475, ,0.595517213534083,2.00093522087003,0.244162711700098,2.35228972270401,0.244162711700098,2.35228972270401,-0.233292549650365,2.82974498405447, ,61.2023794284099,80.6011897142049,3308,2.65076347124484
daypart ( daytime ),DYP1,20,2026,2045,DOL/HH,1332444,1.75808279103398,1.77360134972283,1.63909146782357,1.53157435526633,8.0332809715065,7.02003870641633,1.61505115551883,1.56243608689116,3.36750213779034,84.3124452269468,92.1562226134734,0.0526150686276675,0.0526150686276675,1.48911812194762,5.24588615363306,0.549926114026255,6.18507816155442,0.549926114026255,6.18507816155442,-0.726340913319928,7.46134518890061,5439207,96.3157497976117,98.1578748988059,27660,1.4674274856961
daypart ( early_fringe ),DYP2,20,2026,2045,PEN, ,0.135780966977846,0.135780966977846,0.13041660861084,0.114695090799313,13.7072281838429,13.7072281838429,0.130507426375,0.1185754875,10.0627365120468,99.9844422636282,99.9922211318141,0.011931938875, ,7.96171605278987,12.1637569713037,6.91120582316141,13.2142672009322,6.91120582316141,13.2142672009322,5.48366858194061,14.641804442153, ,77.4205334477693,88.7102667238846,14354,0.124564762601932
daypart ( early_fringe ),DYP2,20,2026,2045,OCC, ,1.80451513596716,1.83444501453737,1.76495726495727,1.84511034622393,-2.72196201160778,-4.34408063619081,1.7666759825,1.832120875,-3.5720837742215,94.3297574999052,97.1648787499526,0.0654448925, ,-5.05230079228608,-2.09186675615692,-5.79240930131837,-1.35175824712463,-5.79240930131837,-1.35175824712463,-6.79814197234781,-0.346025576095191, ,54.781940986208,77.390970493104,1872,1.35596824916318
daypart ( early_fringe ),DYP2,20,2026,2045,DOL/OCC, ,7.52300526521537,7.52621445020214,7.81185850068142,7.59087049675595,2.95351091825431,2.91123401485917,7.8002398125,7.574181625,2.9845889456077,95.4591915872234,97.7295957936117,0.2260581875, ,1.80670090640918,4.16247698480623,1.21775688680991,4.7514210044055,1.21775688680991,4.7514210044055,0.417441480771877,5.55173641044353, ,98.983725426788,99.491862713394,1872,4.46076897140238
daypart ( early_fringe ),DYP2,20,2026,2045,DOL/HH,601468,1.88799359063676,1.91495169755237,1.82342273930612,1.62238911337142,14.0528391722581,12.3912090063856,1.79844939589143,1.64545616346418,9.29792210964466,98.8291354846865,99.4145677423433,0.152993232427247,0.152993232427247,6.38531782420137,12.2105263950879,4.92901568147973,13.6668285378096,4.92901568147973,13.6668285378096,2.95004823825926,15.6457959810301,1232359,80.5771488464312,90.2885744232156,14354,2.39628133660742
daypart ( early_morning ),DYP3,20,2026,2045,PEN, ,0.218871595330739,0.218871595330739,0.178015564202335,0.195849546044099,-9.10596026490066,-9.10596026490066,0.179024835125,0.1991652625,-10.1124197674783,88.6722946075996,94.3361473037998,0.020140427375, ,-15.1547962417699,-5.07004329318666,-17.6759844789157,-2.54885505604085,-17.6759844789157,-2.54885505604085,-21.1020245108403,0.877184975883761, ,99.9999000987788,99.9999500493894,1028,0.502133117063057
daypart ( early_morning ),DYP3,20,2026,2045,OCC, ,1.93777777777778,1.91407407407407,2.11475409836066,1.83774834437086,13.7832827362882,15.073105892778,2.115096232875,2.003166625,5.58763342390451,61.1690692250656,80.5845346125328,0.111929607875, ,0.473060538641409,10.7022063091676,-2.08422590399014,13.2594927517992,-2.08422590399014,13.2594927517992,-5.55931974921305,16.7345865970221, ,99.6740150722947,99.8370075361474,183,5.1226708524445
daypart ( early_morning ),DYP3,20,2026,2045,DOL/OCC, ,6.81258497354497,6.87770353321576,7.61386702110883,7.12201825313208,7.82035804812197,6.90603071342095,7.61937432125,7.3230605,4.04631125538291,62.008199132099,81.0040995660495,0.29631382125, ,0.407359421960371,7.68526308880545,-1.4121164947509,9.50473900551672,-1.4121164947509,9.50473900551672,-3.88460039576754,11.9772229065334, ,10.3879956051809,55.1939978025904,183,13.3241322163696
daypart ( early_morning ),DYP3,20,2026,2045,DOL/HH,44617,2.91948443579767,2.94518158236057,2.86208171206226,2.5754766536965,12.1259963463628,11.1282336011241,2.88459722301077,2.92114696260723,-1.25121194052617,9.34627881413697,54.6731394070685,0.0365497395964591,-0.0365497395964591,-9.66652622756896,7.16410234651663,-13.8741833710904,11.371759490038,-13.8741833710904,11.371759490038,-19.591964218203,17.0895403371506,71667,99.9999903438775,99.9999951719387,1028,12.2911848844902
daypart ( late_fringe ),DYP4,20,2026,2045,PEN, ,0.137831344924468,0.137831344924468,0.132171505354453,0.117526500807579,12.4610232128421,12.4610232128421,0.132037986375,0.12358045,6.84374945632582,99.6850514431019,99.842525721551,0.008457536375, ,5.01353834481304,8.6739605678386,4.09843278905666,9.58906612359498,4.09843278905666,9.58906612359498,2.8548968161111,10.8326020965405, ,96.7260105811057,98.3630052905528,24559,0.113089156377874
daypart ( late_fringe ),DYP4,20,2026,2045,OCC, ,1.87326440177253,1.87503692762186,1.84011090573013,1.83970435385148,0.118447169156223,0.0220987615642942,1.84007628163125,1.84214325,-0.112204540485654,4.95145131914407,52.475725659572,0.00206696836875, ,-1.53904005524329,1.31463097427198,-2.2524578126221,2.02804873165079,-2.2524578126221,2.02804873165079,-3.22192044942733,2.99751136845602, ,85.7901612609869,92.8950806304934,3246,1.31421770618552
daypart ( late_fringe ),DYP4,20,2026,2045,DOL/OCC, ,7.12196234661449,7.1315906831912,7.47518839070664,7.42440612933153,0.813675826719227,0.683990887493261,7.479681289625,7.446559625,0.444791504976367,34.0038131969329,67.0019065984664,0.033121664625, ,-0.35352024670305,1.24310325665578,-0.752676122542758,1.64225913249549,-0.752676122542758,1.64225913249549,-1.29508862052939,2.18467163048212, ,84.6938165395804,92.3469082697902,3246,2.97233802910948
daypart ( late_fringe ),DYP4,20,2026,2045,DOL/HH,1191833,1.87098090313124,1.87831548515819,1.84681135225376,1.61306540711484,14.9454898792402,14.4907915145859,1.81726375963655,1.69522860462848,7.19874326535497,98.2329531815785,99.1164765907893,0.122035155008064,0.122035155008064,4.80270220571676,9.59478432499318,3.60468167589765,10.7928048548123,3.60468167589765,10.7928048548123,1.97669284358643,12.4207936871235,2551392,95.4519780816428,97.7259890408214,24559,2.03091867108152
daypart ( overnight ),DYP5,20,2026,2045,PEN, ,0.122325218747293,0.122325218747293,0.119119812873603,0.106760229865142,11.5769542872599,11.5769542872599,0.1189851655,0.1145528125,3.86926597721029,80.6846550210352,90.3423275105176,0.004432353, ,1.52134300629072,6.21718894812987,0.347381520830935,7.39115043358965,0.347381520830935,7.39115043358965,-1.24791350151781,8.9864454559384, ,97.0605826090559,98.5302913045279,11543,0.134480589926096
daypart ( overnight ),DYP5,20,2026,2045,OCC, ,1.86685552407932,1.88361661945231,1.82836363636364,1.81741952934812,1.52442526016252,0.602178354462922,1.827703188175,1.82757925,0.00678154859768735,0.216440593122602,50.1082202965613,0.000123938175, ,-1.96729805658396,1.98086115377933,-2.95433785917478,2.96790095637015,-2.95433785917478,2.96790095637015,-4.29562520414804,4.30918830134341, ,57.9794341483765,78.9897170741883,1375,1.80389346213908
daypart ( overnight ),DYP5,20,2026,2045,DOL/OCC, ,7.04773671048813,7.02647603062529,7.20725484245048,7.30711669078825,-1.65759674199953,-1.36663820441873,7.19933546225,7.32073375,-1.658280329482,68.8014239855236,84.4007119927618,0.12139828775, ,-2.95341293440461,-0.363147724559393,-3.60097923686591,0.284418577901911,-3.60097923686591,0.284418577901911,-4.48095640115312,1.16439574218912, ,99.9766988652,99.9883494326,1375,4.74066048579118
daypart ( overnight ),DYP5,20,2026,2045,DOL/HH,522311,1.63357359438621,1.64384186664356,1.59881226717491,1.42062866383667,13.2653859796585,12.5425882128145,1.56569922826703,1.53263413097576,2.15740316772225,36.1978528162172,68.0989264081086,0.0330650972912635,0.0330650972912635,-1.46366917478167,5.77847551022618,-3.27420534603363,7.58901168147814,-3.27420534603363,7.58901168147814,-5.7345410363901,10.0493473718346,854625,96.4446463901029,98.2223231950514,11543,2.77488953142693
daypart ( prime ),DYP6,20,2026,2045,PEN, ,0.193188163037409,0.193188163037409,0.176996091568956,0.169365345244742,4.5054945054945,4.5054945054945,0.176899528,0.1634517625,8.22736035042755,95.6871645716303,97.8435822858152,0.0134477655, ,5.01507207192643,11.4396486289287,3.40892793267587,13.0457927681792,3.40892793267587,13.0457927681792,1.22634035867424,15.2283803421809, ,100,100,3582,0.262527090389549
daypart ( prime ),DYP6,20,2026,2045,OCC, ,1.82947976878613,1.89499036608863,1.80599369085174,1.83516483516484,1.98017378565021,-1.58956534879766,1.8096606358125,1.808843,0.045202143718388,0.834245328354921,50.4171226641775,0.0008176358125, ,-3.36855299275402,3.4589572801908,-5.07543056099023,5.16583484842701,-5.07543056099023,5.16583484842701,-7.39490468521969,7.48530897265646, ,16.8148753400853,58.4074376700426,634,3.08747354116108
daypart ( prime ),DYP6,20,2026,2045,DOL/OCC, ,7.36861783191119,7.36212495238651,7.66298673132861,7.67586220386756,-0.25232803233317,-0.167739756094965,7.680735791125,7.566254625,1.51304934606268,49.9118520563645,74.9559260281822,0.114481166125, ,-0.261982894746119,3.28808158687149,-1.14949901515052,4.17559770727589,-1.14949901515052,4.17559770727589,-2.35554373354338,5.38164242566875, ,43.971441826684,71.985720913342,634,6.71517295077186
daypart ( prime ),DYP6,20,2026,2045,DOL/HH,233319,2.70261306532663,2.80031174390471,2.49991066443328,2.41957751721571,7.35797156854524,3.32013116529581,2.45867737871853,2.23704746478164,9.90725129556109,88.88042054172,94.44021027086,0.221629913936895,0.221629913936895,4.99573445428257,14.8187681368396,2.53997603364331,17.2745265574789,2.53997603364331,17.2745265574789,-0.797151489754493,20.6116540808767,379303,99.9999999942962,99.9999999971481,3582,5.49364814900722
daypart ( prime_access ),DYP7,20,2026,2045,PEN, ,0.12873537098057,0.12873537098057,0.12384956254971,0.108586145513767,14.0565050575515,14.0565050575515,0.12433622975,0.1155001625,7.65026391196636,97.5141832584585,98.7570916292292,0.00883606725, ,4.95770006370041,10.3428277602323,3.61141813956743,11.6891096843653,3.61141813956743,11.6891096843653,1.78195705515523,13.5185707687775, ,52.236393189223,76.1181965946115,8801,0.155495781008171
daypart ( prime_access ),DYP7,20,2026,2045,OCC, ,1.89673433362754,1.91526919682259,1.82385321100917,1.87443320544123,-1.70959045881035,-2.69841540820055,1.8274805254625,1.861301875,-1.81708029158355,61.3479779354539,80.6739889677269,0.0338213495375, ,-3.47406570188704,-0.16009488128005,-4.30255840703879,0.668397823871697,-4.30255840703879,0.668397823871697,-5.42839626880065,1.79423568563356, ,48.0418214350636,74.0209107175318,1090,1.54207502552277
daypart ( prime_access ),DYP7,20,2026,2045,DOL/OCC, ,7.1468369023102,7.18362339158831,7.49168371725115,7.45018642652546,1.05076269937456,0.556996675652911,7.501214076875,7.4523775,0.655315392638121,24.9555414549097,62.4777707274548,0.048836576875, ,-0.97167719607058,2.28230798134682,-1.78517349042493,3.09580427570117,-1.78517349042493,3.09580427570117,-2.89063274539731,4.20126353067355, ,57.051082027689,78.5255410138445,1090,6.06248148037974
daypart ( prime_access ),DYP7,20,2026,2045,DOL/HH,433275,1.77400409044427,1.7955853501496,1.72668105897057,1.52435367193122,14.6887596276142,13.2729950250339,1.70439321991463,1.60210012449884,6.38493773588537,87.1336421723075,93.5668210861538,0.102293095415793,0.102293095415793,3.06659311286213,9.70328235890862,1.4074208013505,11.3624546704202,1.4074208013505,11.3624546704202,-0.847226699914578,13.6171021716853,841137,15.4763388535357,57.7381694267678,8801,2.6581601668378
frequency_type_dym ( exposures_g_1_le_2 ),FRQ2,20,2026,2045,PEN, ,0.130151586925628,0.130151586925628,0.127783041212695,0.114006000315806,12.084487534626,12.084487534626,0.127382381125,0.1180902875,7.86863494171779,98.0617995340977,99.0308997670489,0.009292093625, ,5.21114834683693,10.5261215365987,3.8824050493965,11.8548648340391,3.8824050493965,11.8548648340391,2.07677718626795,13.6604926971676, ,24.0877089963451,62.0438544981725,8444,0.156911678008439
frequency_type_dym ( exposures_g_1_le_2 ),FRQ2,20,2026,2045,OCC, ,1.8926296633303,1.85865938732181,1.75625579240037,1.82929362880886,-5.84969579141124,-3.99267975672401,1.75857593625,1.826314,-3.70900424297246,83.9141958436482,91.9570979218241,0.06773806375, ,-5.79774692460217,-1.62026156134274,-6.84211826541703,-0.575890220527882,-6.84211826541703,-0.575890220527882,-8.2613133771145,0.843304891169586, ,56.7257369659501,78.362868482975,1079,1.90735000092895
frequency_type_dym ( exposures_g_1_le_2 ),FRQ2,20,2026,2045,DOL/OCC, ,7.2563183833657,7.33467256176742,7.43333758711168,7.48934173976608,0.298424434668964,-0.74778471326837,7.4249600110625,7.4702915,-0.606823561537057,26.4136904933259,63.2068452466629,0.0453314889375, ,-2.02729926578803,0.813652142713915,-2.73753711791351,1.5238899948394,-2.73753711791351,1.5238899948394,-3.70267858482943,2.48903146175532, ,81.0855932283896,90.5427966141948,1079,5.30568378971127
frequency_type_dym ( exposures_g_1_le_2 ),FRQ2,20,2026,2045,DOL/HH,433986,1.79397915679773,1.77741275856624,1.68807200378967,1.56925982946471,6.51554154217762,7.57122384031794,1.6632296188387,1.61112263784123,3.23420326756067,53.7107450334622,76.8553725167311,0.0521069809974705,0.0521069809974705,-0.244774668517489,6.71318120363882,-1.98426363655657,8.4526701716779,-1.98426363655657,8.4526701716779,-4.34805335752553,10.8164598926469,867972,51.3218063271937,75.6609031635969,8444,2.80253005468283
frequency_type_dym ( exposures_g_2_le_3 ),FRQ3,20,2026,2045,PEN, ,0.130591357088704,0.130591357088704,0.128506444275967,0.116881475865555,9.94594594594595,9.94594594594595,0.128826317125,0.1208832875,6.57082528881422,86.6018718017629,93.3009359008814,0.007943029625, ,3.10845542594611,10.0331951516823,1.37727049451206,11.7643800831164,1.37727049451206,11.7643800831164,-0.975234879887214,14.1168854575157, ,31.0396068380749,65.5198034190374,5276,0.209271325782211
frequency_type_dym ( exposures_g_2_le_3 ),FRQ3,20,2026,2045,OCC, ,1.83164005805515,1.86792452830189,1.81120943952802,1.84432432432432,0.171856186497722,-1.79550225302334,1.808407007375,1.7803285,1.57715317004699,31.7363175156979,65.8681587578489,0.028078507375, ,-1.46882048316258,4.62312682325655,-2.99180730976736,6.14611364986134,-2.99180730976736,6.14611364986134,-5.06139249946696,8.21569883956094, ,24.0187221938281,62.009361096914,678,2.71141685252905
frequency_type_dym ( exposures_g_2_le_3 ),FRQ3,20,2026,2045,DOL/OCC, ,7.04078206280093,7.04024829974358,7.59691696835613,7.39089018876019,2.78035542797129,2.787577332826,7.57630729945,7.55790825,0.243441026821145,9.41597179854419,54.7079858992721,0.01839904945, ,-1.38170292903704,1.86858498267933,-2.19427490696613,2.68115696060842,-2.19427490696613,2.68115696060842,-3.29847810932473,3.78536016296702, ,9.50668382939446,54.7533419146972,678,6.1413444557091
frequency_type_dym ( exposures_g_2_le_3 ),FRQ3,20,2026,2045,DOL/HH,253720,1.72552880970432,1.76712661106899,1.80336239575436,1.60437894869851,14.9952882774785,12.4025216871156,1.76509830442542,1.62656715626604,8.51678011729869,81.5024172455149,90.7512086227574,0.138531148159377,0.138531148159377,3.44335248931116,13.5902077452862,0.906638675317393,16.12692155928,0.906638675317393,16.12692155928,-2.54049904658377,19.5740592811812,761160,48.0072887347048,74.0036443673524,5276,4.12613537468863
frequency_type_dym ( exposures_g_3_le_4 ),FRQ4,20,2026,2045,PEN, ,0.130790960451977,0.130790960451977,0.130790960451977,0.114971751412429,13.7592137592138,13.7592137592138,0.130321328375,0.1210150625,7.6901715230697,86.2352654875376,93.1176327437688,0.009306265875, ,3.59983713147102,11.7805059146684,1.55466993567167,13.8256731104677,1.55466993567167,13.8256731104677,-1.22450560606409,16.6048486522035, ,53.262145724395,76.6310728621975,3540,0.247496036022607
frequency_type_dym ( exposures_g_3_le_4 ),FRQ4,20,2026,2045,OCC, ,1.96760259179266,1.98200143988481,1.77537796976242,1.82555282555283,-1.95973554955442,-2.7484746038621,1.76911400225,1.813675625,-2.45697864247362,51.0046993924054,75.5023496962027,0.04456162275, ,-5.26723477261647,0.353277487669223,-6.67236283768789,1.75840555274065,-6.67236283768789,1.75840555274065,-8.5817898808528,3.66783259590556, ,20.1956287671245,60.0978143835623,463,2.54844652162345
frequency_type_dym ( exposures_g_3_le_4 ),FRQ4,20,2026,2045,DOL/OCC, ,7.26861681610926,7.22481716449697,7.67726262314599,7.54391917566918,1.18696653263902,1.76756198431816,7.671085255,7.460408,2.82393744417195,71.0466408603597,85.5233204301798,0.210677255, ,0.718538116347976,4.92933677199593,-0.334161547564013,5.98203643590792,-0.334161547564013,5.98203643590792,-1.76467400871964,7.41254889706355, ,44.6232158406944,72.3116079203472,463,7.85356899424632
frequency_type_dym ( exposures_g_3_le_4 ),FRQ4,20,2026,2045,DOL/HH,166983,1.92212994350283,1.92207815442561,1.83893502824859,1.6083615819209,14.3327010444476,14.3359210341436,1.76862809018583,1.63745124240691,8.01103839807186,71.7746119658042,85.8873059829021,0.131176847778922,0.131176847778922,2.12793787227312,13.8941389238706,-0.813612390626252,16.83568918677,-0.813612390626252,16.83568918677,-4.810881935252,20.8329587313957,667932,60.0240687762601,80.0120343881301,3540,4.81664513258695
frequency_type_dym ( exposures_g_4_le_6 ),FRQ15,20,2026,2045,PEN, ,0.13589628967367,0.13589628967367,0.123826553419759,0.11570555803904,7.01867353509337,7.01867353509337,0.124023023,0.116572575,6.39125283112259,84.2793548830923,92.1396774415461,0.007450448, ,2.8233837001359,9.95912196210927,1.03944913464256,11.7430565276026,1.03944913464256,11.7430565276026,-1.38473766175204,14.1672433239972, ,40.4296009403047,70.2148004701524,4474,0.207957845931065
frequency_type_dym ( exposures_g_4_le_6 ),FRQ15,20,2026,2045,OCC, ,1.82565789473684,1.86293859649123,1.73826714801444,1.84030907920155,-3.51904091354136,-5.5448257219585,1.73330352125,1.8216385,-4.84920464460979,85.294536348788,92.647268174394,0.08833497875, ,-7.48999125826283,-2.20841803095674,-8.81038456508935,-0.888024724130214,-8.81038456508935,-0.888024724130214,-10.6046656347941,0.906256345574526, ,61.1482076656076,80.5741038328038,554,2.40527928285751
frequency_type_dym ( exposures_g_4_le_6 ),FRQ15,20,2026,2045,DOL/OCC, ,7.44032318426274,7.47720450095409,7.73632172941379,7.65885710267053,1.49298964456117,1.0114384653586,7.736255837,7.587656875,1.95843017743208,58.394279040993,79.1971395204965,0.148598962, ,0.0569024557269319,3.85995789913723,-0.893861405125643,4.81072175998981,-0.893861405125643,4.81072175998981,-2.18585341119486,6.10271376605902, ,69.9737959074616,84.9868979537308,554,7.21406994529958
frequency_type_dym ( exposures_g_4_le_6 ),FRQ15,20,2026,2045,DOL/HH,206009,1.87279392042915,1.92020488749814,1.68721278497988,1.64435777082402,5.48943683828737,2.60618552216821,1.66290971025147,1.61127749898662,3.20442700263136,43.0778099184643,71.5389049592321,0.0516322112648503,0.0516322112648503,-1.24108846396024,7.64994246922295,-3.46384619725603,9.87270020251875,-3.46384619725603,9.87270020251875,-6.48434933277856,12.8932033380413,1118513,40.4404185448881,70.2202092724441,4474,3.58147952135801
frequency_type_dym ( exposures_g_6_le_11 ),FRQ33,20,2026,2045,PEN, ,0.13752380952381,0.13752380952381,0.129142857142857,0.118920634920635,8.59583555792845,8.59583555792845,0.129126227875,0.1193403,8.20001950305136,91.2248081923029,95.6124040961514,0.009785927875, ,4.40756558117627,11.9924734249264,2.51133862023872,13.888700385864,2.51133862023872,13.888700385864,-0.0654421936926536,16.4654811997954, ,40.3939505178118,70.1969752589059,5250,0.226296294386375
frequency_type_dym ( exposures_g_6_le_11 ),FRQ33,20,2026,2045,OCC, ,1.91689750692521,1.88688827331487,1.79793510324484,1.81687132941805,-2.6939419974901,-1.04224365625679,1.7940817884375,1.81939975,-1.39155573493401,30.0809639546908,65.0404819773454,0.0253179615625, ,-4.23525157907737,1.45214010920935,-5.65709950114905,2.87398803128103,-5.65709950114905,2.87398803128103,-7.58924714032776,4.80613567045974, ,6.3635262981256,53.1817631490628,678,2.58690975395524
frequency_type_dym ( exposures_g_6_le_11 ),FRQ33,20,2026,2045,DOL/OCC, ,7.25787628660967,7.23614053591581,7.56913015851733,7.38492166593862,2.20006046420542,2.49438654750167,7.571179386375,7.41491125,2.10748491932388,62.6135924528337,81.3067962264168,0.156268136375, ,0.236064624107597,3.97890521454017,-0.699645523500545,4.91461536214831,-0.699645523500545,4.91461536214831,-1.97118105454554,6.18615089319331, ,6.56938434140291,53.2846921707015,678,6.93820770023878
frequency_type_dym ( exposures_g_6_le_11 ),FRQ33,20,2026,2045,DOL/HH,233683,1.92648,1.90559555555556,1.76049904761905,1.60909396825397,8.11143646646463,9.4093373259841,1.75391194129198,1.60993175185965,8.94324801445873,81.9841344266557,90.9920672133279,0.143980189432329,0.143980189432329,3.67411672936865,14.2123792995488,1.03955108682361,16.8469449420938,1.03955108682361,16.8469449420938,-2.54055738151941,20.4270534104369,2011641,15.5957971546814,57.7978985773407,5250,4.24147088029179
frequency_type_dym ( exposures_ge_11 ),FRQ34,20,2026,2045,PEN, ,0.138874368356857,0.138874368356857,0.128593831677993,0.117267816692804,9.65824665676078,9.65824665676078,0.12811827753575,0.126691,1.12658163227854,20.4758265422374,60.2379132711187,0.00142727753575, ,-2.30143931735593,4.554602581913,-4.01544979217316,6.26861305673023,-4.01544979217316,6.26861305673023,-6.34461681561994,8.59778008017701, ,33.539113353539,66.7695566767695,5739,0.21714970106507
frequency_type_dym ( exposures_ge_11 ),FRQ34,20,2026,2045,OCC, ,1.79924717691343,1.85780008364701,1.82791327913279,1.81079742446756,4.1787535356732,0.945210901780784,1.827997755375,1.858665125,-1.64996745312042,39.4957895260528,69.7478947630264,0.030667369625, ,-4.16928303247463,0.869348126233783,-5.42894082215173,2.12900591591089,-5.42894082215173,2.12900591591089,-7.14068846176672,3.84075355552588, ,46.2657929822868,73.1328964911434,738,2.34128200310742
frequency_type_dym ( exposures_ge_11 ),FRQ34,20,2026,2045,DOL/OCC, ,7.28683407022366,7.21615568060361,7.5801574049633,7.46600307325716,0.58231883458263,1.52898854428596,7.57714411075,7.496145125,1.08054185717222,44.282924420772,72.141462210386,0.08099898575, ,-0.372915067854824,2.53399878219927,-1.09964353036835,3.26072724471279,-1.09964353036835,3.26072724471279,-2.08719407031891,4.24827778466336, ,0.203886633336103,50.101943316668,738,5.44766202146949
frequency_type_dym ( exposures_ge_11 ),FRQ34,20,2026,2045,DOL/HH,234831,1.86807980484405,1.90354184817332,1.81438578149503,1.5910774234768,16.2638472225974,14.0350403269671,1.77461175017506,1.765168775275,0.534961587375098,7.31204831955299,53.6560241597765,0.00944297490006071,0.00944297490006071,-4.06812679078102,5.13804996553121,-6.36967097985907,7.43959415460927,-6.36967097985907,7.43959415460927,-9.49723694690942,10.5671601216596,5067256,56.7775727857677,78.3887863928838,5739,4.0626139374762
frequency_type_dym ( exposures_le_1 ),FRQ10,20,2026,2045,PEN, ,0.128336563105582,0.128336563105582,0.123585672313559,0.111395886728762,10.942760942761,10.9427609427609,0.123728128375,0.1151861,7.4158499810307,99.8041942157561,99.902097107878,0.008542028375, ,5.52471803186931,9.30698193019209,4.57915205728862,10.2525479047728,4.57915205728862,10.2525479047728,3.2942234533829,11.5374765086785, ,67.8255976634256,83.9127988317128,15997,0.108916056904649
frequency_type_dym ( exposures_le_1 ),FRQ10,20,2026,2045,OCC, ,1.80126643935704,1.82204903393408,1.81234193222054,1.78825289936401,2.50924393577249,1.3470708122488,1.8128663121875,1.820695,-0.429983485015338,17.0109007841606,58.5054503920803,0.0078286878125, ,-2.01039002690151,1.15042305687084,-2.8005932978446,1.94062632781393,-2.8005932978446,1.94062632781393,-3.87439968791155,3.01443271788088, ,39.1645202036841,69.582260101842,1977,1.43871914438973
frequency_type_dym ( exposures_le_1 ),FRQ10,20,2026,2045,DOL/OCC, ,7.22712598217932,7.21985858779149,7.59287919917434,7.49227000882374,1.24584132516374,1.3428398900749,7.5942990325,7.478182875,1.55273225382309,74.634380595554,87.317190297777,0.1161161575, ,0.478618202884361,2.62684630476182,-0.0584388225850045,3.16390333023119,-0.0584388225850045,3.16390333023119,-0.788245047116422,3.89370955476261, ,11.257968293474,55.628984146737,1977,4.01621065076345
frequency_type_dym ( exposures_le_1 ),FRQ10,20,2026,2045,DOL/HH,875216,1.69739888729137,1.7169456773145,1.71100018753516,1.50277260319643,15.1569421665911,13.8562270762606,1.70340926002637,1.56831898569539,8.6136988433559,98.6209663932919,99.3104831966459,0.135090274330975,0.135090274330975,5.85174214005828,11.3756555466535,4.47076378840947,12.7566338983023,4.47076378840947,12.7566338983023,2.59415376530136,14.6332439214104,875216,39.1847247141774,69.5923623570887,15997,2.16581456772516
frequency_type_std ( eight_exposures ),FRD1,20,2026,2045,PEN, ,0.142355008787346,0.142355008787346,0.144112478031634,0.119800820152314,20.2933985330073,20.2933985330073,0.14462874625,0.1264885875,14.3413402809957,91.7311794437,95.86558972185,0.01814015875, ,7.81528295815519,20.8673976038362,4.55225429673493,24.1304262652565,4.55225429673493,24.1304262652565,0.118128095987997,28.5645524660034, ,92.0903854759994,96.0451927379997,1138,0.412735886355064
frequency_type_std ( eight_exposures ),FRD1,20,2026,2045,OCC, ,2,1.99382716049383,1.91463414634146,1.95354523227384,-2.30780043859402,-1.99181904209531,1.912576101725,1.927160625,-0.756788151740076,6.92764333733684,53.4638216686684,0.014584523275, ,-7.63090757328242,6.11733126980226,-11.0679672840536,9.55439098057343,-11.0679672840536,9.55439098057343,-15.7385840939067,14.2250077904266, ,71.0043374955922,85.5021687477961,164,6.62376614037209
frequency_type_std ( eight_exposures ),FRD1,20,2026,2045,DOL/OCC, ,7.00790216539291,6.97187218302959,7.4578839527681,7.42094582217565,0.0122376345400488,0.497755023114004,7.452849657625,7.244033625,2.88259336489482,44.5367334068283,72.2683667034141,0.208816032625, ,-0.970007219315039,6.73519394910469,-2.89630751141997,8.66149424120962,-2.89630751141997,8.66149424120962,-5.51395494330345,11.2791416730931, ,35.1698942949777,67.5849471474888,164,13.9541840878554
frequency_type_std ( eight_exposures ),FRD1,20,2026,2045,DOL/HH,54072,2.0048769771529,2.03145577035735,2.03372583479789,1.70466900995899,20.8624440267091,19.3032678435806,2.06217794021557,1.7656152867534,16.7965612717078,70.9352200299669,85.4676100149835,0.296562653462174,0.296562653462174,4.24484862738609,29.3482739160295,-2.03100769477476,35.6241302381903,-2.03100769477476,35.6241302381903,-10.5592622207722,44.1523847641878,432576,85.9472741001652,92.9736370500826,1138,11.0807478598752
frequency_type_std ( five_exposures ),FRD2,20,2026,2045,PEN, ,0.144041041831097,0.144041041831097,0.127861089187056,0.117732175743225,8.60335195530728,8.60335195530728,0.1276407395,0.1163057875,9.74581939871221,87.1117203170023,93.5558601585011,0.011334952, ,4.67787114773379,14.8137676496906,2.14389702224458,17.3477417751798,2.14389702224458,17.3477417751798,-1.2995177398421,20.7911565372665, ,14.9893123535399,57.49465617677,2534,0.294715856169646
frequency_type_std ( five_exposures ),FRD2,20,2026,2045,OCC, ,1.82465753424658,1.84018264840183,1.81172839506173,1.79553072625698,1.76676358115722,0.902110365914556,1.811548463125,1.83510125,-1.28345980228611,21.0904527161723,60.5452263580862,0.023552786875, ,-5.07239518604444,2.50547558147222,-6.96686287792361,4.39994327335138,-6.96686287792361,4.39994327335138,-9.54125302299014,6.97433341841791, ,17.7356056845368,58.8678028422684,324,3.47654002945207
frequency_type_std ( five_exposures ),FRD2,20,2026,2045,DOL/OCC, ,7.51338430093499,7.51150954917736,7.72522369194592,7.61812113594041,1.3812828960075,1.4058920053164,7.74121880275,7.59933275,1.86708566946223,43.800921523995,71.9004607619975,0.14188605275, ,-0.67538411490175,4.40955545382621,-1.94661900708374,5.6807903460082,-1.94661900708374,5.6807903460082,-3.67409875906189,7.40827009798635, ,54.5546953942841,77.277347697142,324,9.66053694910131
frequency_type_std ( five_exposures ),FRD2,20,2026,2045,DOL/HH,117541,2.00583267561168,2.01513154433044,1.8545816890292,1.63381478558274,14.0815087606862,13.5123580343729,1.79015700846537,1.6219882014562,10.3680659858188,72.0498430146067,86.0249215073034,0.168168807009173,0.168168807009173,2.79746401261304,17.9386679590245,-0.987836973989816,21.7239689456273,-0.987836973989816,21.7239689456273,-6.13167848566791,26.8678104573054,587705,59.7940264783656,79.8970132391828,2534,6.13971353923034
frequency_type_std ( four_exposures ),FRD3,20,2026,2045,PEN, ,0.130790960451977,0.130790960451977,0.130790960451977,0.114971751412429,13.7592137592138,13.7592137592138,0.130321328375,0.1210150625,7.6901715230697,86.2352654875376,93.1176327437688,0.009306265875, ,3.59983713147102,11.7805059146684,1.55466993567167,13.8256731104677,1.55466993567167,13.8256731104677,-1.22450560606409,16.6048486522035, ,53.262145724395,76.6310728621975,3540,0.247496036022607
frequency_type_std ( four_exposures ),FRD3,20,2026,2045,OCC, ,1.96760259179266,1.98200143988481,1.77537796976242,1.82555282555283,-1.95973554955442,-2.7484746038621,1.76911400225,1.813675625,-2.45697864247362,51.0046993924054,75.5023496962027,0.04456162275, ,-5.26723477261647,0.353277487669223,-6.67236283768789,1.75840555274065,-6.67236283768789,1.75840555274065,-8.5817898808528,3.66783259590556, ,20.1956287671245,60.0978143835623,463,2.54844652162345
frequency_type_std ( four_exposures ),FRD3,20,2026,2045,DOL/OCC, ,7.26861681610926,7.22481716449697,7.67726262314599,7.54391917566918,1.18696653263902,1.76756198431816,7.671085255,7.460408,2.82393744417195,71.0466408603597,85.5233204301798,0.210677255, ,0.718538116347976,4.92933677199593,-0.334161547564013,5.98203643590792,-0.334161547564013,5.98203643590792,-1.76467400871964,7.41254889706355, ,44.6232158406944,72.3116079203472,463,7.85356899424632
frequency_type_std ( four_exposures ),FRD3,20,2026,2045,DOL/HH,166983,1.92212994350283,1.92207815442561,1.83893502824859,1.6083615819209,14.3327010444476,14.3359210341436,1.76862809018583,1.63745124240691,8.01103839807186,71.7746119658042,85.8873059829021,0.131176847778922,0.131176847778922,2.12793787227312,13.8941389238706,-0.813612390626252,16.83568918677,-0.813612390626252,16.83568918677,-4.810881935252,20.8329587313957,667932,60.0240687762601,80.0120343881301,3540,4.81664513258695
frequency_type_std ( nine_exposures ),FRD4,20,2026,2045,PEN, ,0.125902992776058,0.125902992776058,0.12796697626419,0.112831097351221,13.4146341463414,13.4146341463414,0.127971223675,0.1173606875,9.04096286501389,61.1473040788209,80.5736520394104,0.010610536175, ,0.76162902131183,17.320296708716,-3.3780379005392,21.459963630567,-3.3780379005392,21.459963630567,-9.00342690725284,27.0853526372806, ,10.2261734743702,55.1130867371851,969,0.485834155969446
frequency_type_std ( nine_exposures ),FRD4,20,2026,2045,OCC, ,1.80327868852459,1.85245901639344,1.66935483870968,1.86890243902439,-8.04575291390574,-10.6772614850287,1.66505372375,1.79456875,-7.21705569931495,58.5490092461509,79.2745046230755,0.12951502625, ,-14.2012121846866,-0.232899213943248,-17.6932904273725,3.2591790287426,-17.6932904273725,3.2591790287426,-22.4386718621197,8.00456046348978, ,65.7597443194263,82.8798721597131,124,6.26677448687894
frequency_type_std ( nine_exposures ),FRD4,20,2026,2045,DOL/OCC, ,7.4551304319542,7.34029150403331,7.98054704301075,7.38457774390244,6.51534031969121,8.07045872867158,7.971630863,7.598274125,4.91370450523197,59.1713952536044,79.5856976268022,0.373356738, ,0.221424899735245,9.60598411072869,-2.12471490301312,11.9521239134771,-2.12471490301312,11.9521239134771,-5.31288180236659,15.1402908128305, ,80.4672032302435,90.2336016151217,124,17.8266133568555
frequency_type_std ( nine_exposures ),FRD4,20,2026,2045,DOL/HH,44508,1.68970072239422,1.71352597179223,1.73016511867905,1.60758513931889,9.10715240999304,7.62510030492697,1.69891607718062,1.60031627492987,6.16126973120137,30.6780702896862,65.3390351448431,0.0985998022507436,0.0985998022507436,-6.17174288788661,18.4942823502893,-12.3382491974306,24.6607886598333,-12.3382491974306,24.6607886598333,-20.7179081068068,33.0404475692096,400572,4.28734798250052,52.1436739912503,969,9.868360406621
frequency_type_std ( one_exposure ),FRD5,20,2026,2045,PEN, ,0.128336563105582,0.128336563105582,0.123585672313559,0.111395886728762,10.942760942761,10.9427609427609,0.123728128375,0.1151861,7.4158499810307,99.8041942157561,99.902097107878,0.008542028375, ,5.52471803186931,9.30698193019209,4.57915205728862,10.2525479047728,4.57915205728862,10.2525479047728,3.2942234533829,11.5374765086785, ,67.8255976634256,83.9127988317128,15997,0.108916056904649
frequency_type_std ( one_exposure ),FRD5,20,2026,2045,OCC, ,1.80126643935704,1.82204903393408,1.81234193222054,1.78825289936401,2.50924393577249,1.3470708122488,1.8128663121875,1.820695,-0.429983485015338,17.0109007841606,58.5054503920803,0.0078286878125, ,-2.01039002690151,1.15042305687084,-2.8005932978446,1.94062632781393,-2.8005932978446,1.94062632781393,-3.87439968791155,3.01443271788088, ,39.1645202036841,69.582260101842,1977,1.43871914438973
frequency_type_std ( one_exposure ),FRD5,20,2026,2045,DOL/OCC, ,7.22712598217932,7.21985858779149,7.59287919917434,7.49227000882374,1.24584132516374,1.3428398900749,7.5942990325,7.478182875,1.55273225382309,74.634380595554,87.317190297777,0.1161161575, ,0.478618202884361,2.62684630476182,-0.0584388225850045,3.16390333023119,-0.0584388225850045,3.16390333023119,-0.788245047116422,3.89370955476261, ,11.257968293474,55.628984146737,1977,4.01621065076345
frequency_type_std ( one_exposure ),FRD5,20,2026,2045,DOL/HH,875216,1.69739888729137,1.7169456773145,1.71100018753516,1.50277260319643,15.1569421665911,13.8562270762606,1.70340926002637,1.56831898569539,8.6136988433559,98.6209663932919,99.3104831966459,0.135090274330975,0.135090274330975,5.85174214005828,11.3756555466535,4.47076378840947,12.7566338983023,4.47076378840947,12.7566338983023,2.59415376530136,14.6332439214104,875216,39.1847247141774,69.5923623570887,15997,2.16581456772516
frequency_type_std ( seven_exposures ),FRD6,20,2026,2045,PEN, ,0.132247557003257,0.132247557003257,0.13485342019544,0.120955483170467,11.4901256732496,11.4901256732496,0.135008144625,0.119322425,13.1456594391205,86.2254460867571,93.1127230433786,0.015685719625, ,6.15185440141307,20.139464476828,2.65495188255934,23.6363669956817,2.65495188255934,23.6363669956817,-2.09698525597571,28.3883041342168, ,66.2431078687174,83.1215539343587,1535,0.417258888538235
frequency_type_std ( seven_exposures ),FRD6,20,2026,2045,OCC, ,1.93103448275862,1.89490968801314,1.78260869565217,1.73788150807899,0.494993058370443,2.57366151634926,1.7781803505,1.75275225,1.45075269479757,15.3187301475842,57.6593650737921,0.0254281005, ,-4.47919648577801,7.38070187537315,-7.4441710760658,10.3456764656609,-7.4441710760658,10.3456764656609,-11.4732719144328,14.374777304028, ,8.29396120945511,54.1469806047276,207,5.19686588431975
frequency_type_std ( seven_exposures ),FRD6,20,2026,2045,DOL/OCC, ,7.1581156871317,7.17611324184846,7.30090053223749,7.27748872930381,0.569006139215367,0.321701672163477,7.2878888991375,7.356520125,-0.932930579898332,17.9973299058501,58.998664952925,0.0686312258625, ,-4.17097347100437,2.3051123112077,-5.78999491655738,3.92413375676072,-5.78999491655738,3.92413375676072,-7.99008144848907,6.12422028869241, ,75.6120257081232,87.8060128540616,207,11.9103638470174
frequency_type_std ( seven_exposures ),FRD6,20,2026,2045,DOL/HH,67850,1.81190879478827,1.78780456026059,1.77304885993485,1.52493376764387,14.6898745713667,16.2705487645109,1.7495123170808,1.5386634183126,13.7033802362977,75.6954989771833,87.8477494885916,0.210848898768192,0.210848898768192,4.43424046279472,22.9725200098007,-0.200329423956778,27.6070898965522,-0.200329423956778,27.6070898965522,-6.49824154682881,33.9050020194243,474950,14.5723692936611,57.2861846468305,1535,7.13104314435772
frequency_type_std ( six_exposures ),FRD7,20,2026,2045,PEN, ,0.125257731958763,0.125257731958763,0.118556701030928,0.113058419243986,4.86322188449848,4.86322188449848,0.11861463730125,0.1166267625,1.70447567834184,19.5654757354007,59.7827378677004,0.00198787480125, ,-3.72867231655689,7.13762367324057,-6.44524631400625,9.85419767068993,-6.44524631400625,9.85419767068993,-10.1367958491903,13.5457472058739, ,70.3238730988053,85.1619365494026,1940,0.316825230414203
frequency_type_std ( six_exposures ),FRD7,20,2026,2045,OCC, ,1.82716049382716,1.89711934156379,1.63478260869565,1.90121580547112,-10.3341424194693,-14.013832412331,1.6340031,1.80741525,-9.59448306082401,95.7441175863019,97.872058793151,0.17341215, ,-13.3303002155498,-5.85866590609823,-15.1982087929127,-3.99075732873533,-15.1982087929127,-3.99075732873533,-17.7365077853217,-1.45245833632633, ,90.0142890162497,95.0071445081249,230,3.3760864483315
frequency_type_std ( six_exposures ),FRD7,20,2026,2045,DOL/OCC, ,7.33058117773859,7.42567634210021,7.75195548654244,7.71426544647517,1.72129420941263,0.488575877104311,7.754330710375,7.567187625,2.47308636509459,46.0338874281543,73.0169437140772,0.187143085375, ,-0.710988135722035,5.65716086591121,-2.30302538613035,7.24919811631952,-2.30302538613035,7.24919811631952,-4.4664431237876,9.41261585397678, ,54.8119907774816,77.4059953887408,230,12.0472445798288
frequency_type_std ( six_exposures ),FRD7,20,2026,2045,DOL/HH,88468,1.6990206185567,1.79621305841924,1.46859793814433,1.65812886597938,-5.56883664877086,-11.4304100075542,1.50297764035089,1.59508776969246,-5.77461197381812,49.402979700824,74.701489850412,0.0921101293415692,-0.0921101293415692,-12.630349073136,1.0811251254998,-16.058217622795,4.50899367515876,-16.058217622795,4.50899367515876,-20.7163445735229,9.16712062588662,530808,92.863514952355,96.4317574761775,1940,5.46775119967444
frequency_type_std ( ten_or_more_exposures ),FRD8,20,2026,2045,PEN, ,0.140465496120866,0.140465496120866,0.125357288689261,0.117871239961889,6.35103926096999,6.35103926096996,0.12516786702875,0.1242857875,0.709718742981775,16.0176851648153,58.0088425824077,0.00088207952875, ,-2.0630433142054,3.48248080016895,-3.44942434279898,4.86886182876253,-3.44942434279898,4.86886182876253,-5.33337605789964,6.75281354386319, ,23.1308303472481,61.5654151736241,7347,0.172307457913814
frequency_type_std ( ten_or_more_exposures ),FRD8,20,2026,2045,OCC, ,1.82364341085271,1.85012919896641,1.82193268186754,1.80100076982294,2.63285285341391,1.16223781773577,1.8204850059375,1.8517985,-1.69097739643379,42.7024927231829,71.3512463615914,0.0313134940625, ,-4.05986089459359,0.677906101726006,-5.24430264367349,1.8623478508059,-5.24430264367349,1.8623478508059,-6.85383928518363,3.47188449231605, ,42.6475370885212,71.3237685442606,921,2.19334745428353
frequency_type_std ( ten_or_more_exposures ),FRD8,20,2026,2045,DOL/OCC, ,7.31578477220992,7.261685754975,7.60267014177763,7.46533830705049,1.11492358509216,1.83959291700744,7.6103965605,7.496010125,1.52596426088739,62.5075830593418,81.2537915296709,0.1143864355, ,0.16791663267342,2.88401188910136,-0.511107181433563,3.56303570320834,-0.511107181433563,3.56303570320834,-1.4338319250625,4.48576044683728, ,14.5887348240559,57.2943674120279,921,5.08996938566207
frequency_type_std ( ten_or_more_exposures ),FRD8,20,2026,2045,DOL/HH,302084,1.92388457873962,1.93443854634545,1.76164965291956,1.59799918334014,10.9014096503556,10.2409607767983,1.73408896030107,1.72523095025524,0.513439087358772,8.42439910041766,54.2121995502088,0.00885801004582159,0.00885801004582159,-3.31935684010883,4.34623501482637,-5.23575480384263,6.26263297856017,-5.23575480384263,6.26263297856017,-7.83994597216398,8.86682414688153,5770799,19.0597920602644,59.5298960301322,7347,3.30622908003968
frequency_type_std ( three_exposures ),FRD9,20,2026,2045,PEN, ,0.130591357088704,0.130591357088704,0.128506444275967,0.116881475865555,9.94594594594595,9.94594594594595,0.128826317125,0.1208832875,6.57082528881422,86.6018718017629,93.3009359008814,0.007943029625, ,3.10845542594611,10.0331951516823,1.37727049451206,11.7643800831164,1.37727049451206,11.7643800831164,-0.975234879887214,14.1168854575157, ,31.0396068380749,65.5198034190374,5276,0.209271325782211
frequency_type_std ( three_exposures ),FRD9,20,2026,2045,OCC, ,1.83164005805515,1.86792452830189,1.81120943952802,1.84432432432432,0.171856186497722,-1.79550225302334,1.808407007375,1.7803285,1.57715317004699,31.7363175156979,65.8681587578489,0.028078507375, ,-1.46882048316258,4.62312682325655,-2.99180730976736,6.14611364986134,-2.99180730976736,6.14611364986134,-5.06139249946696,8.21569883956094, ,24.0187221938281,62.009361096914,678,2.71141685252905
frequency_type_std ( three_exposures ),FRD9,20,2026,2045,DOL/OCC, ,7.04078206280093,7.04024829974358,7.59691696835613,7.39089018876019,2.78035542797129,2.787577332826,7.57630729945,7.55790825,0.243441026821145,9.41597179854419,54.7079858992721,0.01839904945, ,-1.38170292903704,1.86858498267933,-2.19427490696613,2.68115696060842,-2.19427490696613,2.68115696060842,-3.29847810932473,3.78536016296702, ,9.50668382939446,54.7533419146972,678,6.1413444557091
frequency_type_std ( three_exposures ),FRD9,20,2026,2045,DOL/HH,253720,1.72552880970432,1.76712661106899,1.80336239575436,1.60437894869851,14.9952882774785,12.4025216871156,1.76509830442542,1.62656715626604,8.51678011729869,81.5024172455149,90.7512086227574,0.138531148159377,0.138531148159377,3.44335248931116,13.5902077452862,0.906638675317393,16.12692155928,0.906638675317393,16.12692155928,-2.54049904658377,19.5740592811812,761160,48.0072887347048,74.0036443673524,5276,4.12613537468863
frequency_type_std ( two_exposures ),FRD10,20,2026,2045,PEN, ,0.130151586925628,0.130151586925628,0.127783041212695,0.114006000315806,12.084487534626,12.084487534626,0.127382381125,0.1180902875,7.86863494171779,98.0617995340977,99.0308997670489,0.009292093625, ,5.21114834683693,10.5261215365987,3.8824050493965,11.8548648340391,3.8824050493965,11.8548648340391,2.07677718626795,13.6604926971676, ,24.0877089963451,62.0438544981725,8444,0.156911678008439
frequency_type_std ( two_exposures ),FRD10,20,2026,2045,OCC, ,1.8926296633303,1.85865938732181,1.75625579240037,1.82929362880886,-5.84969579141124,-3.99267975672401,1.75857593625,1.826314,-3.70900424297246,83.9141958436482,91.9570979218241,0.06773806375, ,-5.79774692460217,-1.62026156134274,-6.84211826541703,-0.575890220527882,-6.84211826541703,-0.575890220527882,-8.2613133771145,0.843304891169586, ,56.7257369659501,78.362868482975,1079,1.90735000092895
frequency_type_std ( two_exposures ),FRD10,20,2026,2045,DOL/OCC, ,7.2563183833657,7.33467256176742,7.43333758711168,7.48934173976608,0.298424434668964,-0.74778471326837,7.4249600110625,7.4702915,-0.606823561537057,26.4136904933259,63.2068452466629,0.0453314889375, ,-2.02729926578803,0.813652142713915,-2.73753711791351,1.5238899948394,-2.73753711791351,1.5238899948394,-3.70267858482943,2.48903146175532, ,81.0855932283896,90.5427966141948,1079,5.30568378971127
frequency_type_std ( two_exposures ),FRD10,20,2026,2045,DOL/HH,433986,1.79397915679773,1.77741275856624,1.68807200378967,1.56925982946471,6.51554154217762,7.57122384031794,1.6632296188387,1.61112263784123,3.23420326756067,53.7107450334622,76.8553725167311,0.0521069809974705,0.0521069809974705,-0.244774668517489,6.71318120363882,-1.98426363655657,8.4526701716779,-1.98426363655657,8.4526701716779,-4.34805335752553,10.8164598926469,867972,51.3218063271937,75.6609031635969,8444,2.80253005468283
network ( abc ),NET1,20,2026,2045,PEN, ,0.0991869918699187,0.0991869918699187,0.0960306073648972,0.0909453212179181,5.59158632778263,5.59158632778266,0.09602880975,0.092556635,3.75140555833734,85.6836036750296,92.8418018375148,0.00347217475, ,1.72812851365436,5.77468260302031,0.716489991312871,6.7863211253618,0.716489991312871,6.7863211253618,-0.658224527942026,8.1610356446167, ,100,100,20910,0.0936338574643005
network ( abc ),NET1,20,2026,2045,OCC, ,1.88090646094503,1.900675024108,1.70816733067729,1.80666082383874,-4.35748254236258,-5.45168699414045,1.7068886475,1.801919125,-5.27384809792726,97.3519256484885,98.6759628242443,0.0950304775, ,-7.15051881200515,-3.39717738384936,-8.0888541690441,-2.45884202681042,-8.0888541690441,-2.45884202681042,-9.36395709441119,-1.18373910144333, ,97.9780476079107,98.9890238039553,2008,1.69080442551218
network ( abc ),NET1,20,2026,2045,DOL/OCC, ,7.48289288045074,7.43268100727623,7.7641865418916,7.59909510106701,1.51175325643641,2.17251447216925,7.76021675625,7.615483,1.90051972081088,84.7706009718281,92.385300485914,0.14473375625, ,0.852128349465322,2.94891109215644,0.327932663792543,3.47310677782922,0.327932663792543,3.47310677782922,-0.384396299676775,4.18543574129853, ,96.4960119387916,98.2480059693958,2008,3.99200333291439
network ( abc ),NET1,20,2026,2045,DOL/HH,940595,1.42831659493066,1.43515925394548,1.28840889526542,1.26311398055157,2.54431304090584,2.00258370213014,1.27199737223529,1.27010792589527,0.148762660361065,2.97901568780483,51.4895078439024,0.00188944634001855,0.00188944634001855,-2.99677752815702,3.29430284887915,-4.56954762241607,4.8670729431382,-4.56954762241607,4.8670729431382,-6.70678324193705,7.00430856265918,3612925,100,100,20910,1.99758776232946
network ( cbs ),NET3,20,2026,2045,PEN, ,0.177900851006349,0.177900851006349,0.164122652978522,0.149241298572651,9.97133806003922,9.97133806003922,0.16400843825,0.151647975,8.1507605030664,99.9920550054166,99.9960275027083,0.01236046325, ,6.51969967120828,9.78182133492451,5.70416925527922,10.5973517508536,5.70416925527922,10.5973517508536,4.59594583464794,11.7055751714849, ,100,100,14806,0.123673536126549
network ( cbs ),NET3,20,2026,2045,OCC, ,1.8788914198937,1.89749430523918,1.86378600823045,1.85472922009353,1.49130520955569,0.488307837004241,1.867809900125,1.851798125,0.864660942725601,35.3016508183711,67.6508254091856,0.016011775125, ,-0.626265845265841,2.35558773071704,-1.37172923926156,3.10105112471276,-1.37172923926156,3.10105112471276,-2.38473865781059,4.11406054326179, ,95.4579972879198,97.7289986439599,2430,1.38044771525741
network ( cbs ),NET3,20,2026,2045,DOL/OCC, ,7.04119082379276,7.05504745629451,7.34248515415769,7.40318201654282,-0.632704015364089,-0.819875321848116,7.34254866225,7.398257375,-0.752997765909705,48.2510569122466,74.1255284561233,0.05570871275, ,-1.67170383463698,0.165708302817573,-2.13105686900062,0.625061337181212,-2.13105686900062,0.625061337181212,-2.75527122210958,1.24927569029016, ,99.6689803093414,99.8344901546707,2430,3.39841197420942
network ( cbs ),NET3,20,2026,2045,DOL/HH,758444,2.41563217614481,2.445785267234,2.28115291098203,2.06327029582602,12.0214838912279,10.5600616456696,2.24929773933438,2.07760513523571,8.2639670641357,99.3604453049296,99.6802226524648,0.171692604098671,0.171692604098671,5.87079851265398,10.6571356156174,4.67421423691313,11.8537198913583,4.67421423691313,11.8537198913583,3.04817712875149,13.4797569995199,1888307,100,100,14806,2.48602963602151
network ( cw ),NET4,20,2026,2045,PEN, ,0.245387453874539,0.245387453874539,0.223247232472325,0.194034440344403,15.0554675118859,15.0554675118859,0.221932654875,0.2056868,7.89834587100388,77.3913527234499,88.6956763617249,0.016245854875, ,2.74599126057367,13.0507004814341,0.169813955358561,15.6268777866492,0.169813955358561,15.6268777866492,-3.33095066307171,19.1276424050795, ,100,100,1084,0.529885666142318
network ( cw ),NET4,20,2026,2045,OCC, ,1.86842105263158,1.83959899749373,1.80578512396694,1.75277337559429,1.38008105164201,3.02444965851181,1.807438223125,1.912471,-5.49199317924298,69.2476005196692,84.6238002598346,0.105032776875, ,-9.74191775693571,-1.24206860155025,-11.8668800457821,0.882893687296117,-11.8668800457821,0.882893687296117,-14.7544890551592,3.77050269667321, ,10.5475358697277,55.2737679348638,242,4.0639287535123
network ( cw ),NET4,20,2026,2045,DOL/OCC, ,6.78125531089629,6.8223173988362,7.13818802547315,7.25074309486077,-0.9860090271076,-1.55232460887207,7.14781156475,7.181370625,-0.46730717578025,10.6343372692135,55.3171686346068,0.03355906025, ,-3.22772687256342,2.29311252100291,-4.607936720955,3.6733223693945,-4.607936720955,3.6733223693945,-6.48350242579875,5.54888807423825, ,95.284616729872,97.642308364936,242,9.91179846157501
network ( cw ),NET4,20,2026,2045,DOL/HH,59746,3.17154981549816,3.10059655596556,2.90744464944649,2.41405904059041,17.4988408411162,20.4380092019382,2.86695597485423,2.82505035756765,1.48335824083012,13.1757629357663,56.5878814678831,0.0419056172865805,0.0419056172865805,-5.57749194649557,8.54420842815581,-9.10791704015842,12.0746335218187,-9.10791704015842,12.0746335218187,-13.9054079701864,16.8721244518466,91584,99.9999989710076,99.9999994855038,1084,9.97362867321803
network ( fox ),NET7,20,2026,2045,PEN, ,0.147125418389447,0.147125418389447,0.142793857058476,0.123383868215528,15.7313829787234,15.7313829787234,0.14297060125,0.1300920625,9.89955766901612,99.9995555435101,99.9997777717551,0.01287853875, ,8.19625454870898,11.6028607893233,7.34460298855541,12.4545123494768,7.34460298855541,12.4545123494768,6.18729458319795,13.6118207548343, ,99.9999991004685,99.9999995502342,20316,0.110793107991721
network ( fox ),NET7,20,2026,2045,OCC, ,1.81967213114754,1.84654845544775,1.80420544639779,1.8376329787234,-0.356502528048312,-1.81905378890361,1.80458311997,1.8198605,-0.839480829986694,36.3867853869644,68.1933926934822,0.01527738003, ,-2.24061697209909,0.561655312125701,-2.94118504315529,1.2622233831819,-2.94118504315529,1.2622233831819,-3.89318625479188,2.21422459481849, ,26.3946143806926,63.1973071903463,2901,1.27493616007637
network ( fox ),NET7,20,2026,2045,DOL/OCC, ,7.29681468378282,7.32052548264592,7.69454116968672,7.48662221046905,3.09391540763035,2.77720650745437,7.69168314125,7.535121375,2.07776037648763,93.0632555482287,96.5316277741144,0.15656176625, ,1.17429810456827,2.98122264840699,0.722566968608591,3.43295378436667,0.722566968608591,3.43295378436667,0.108710005188553,4.04681074778671, ,86.3793281526383,93.1896640763192,2901,3.40384893832282
network ( fox ),NET7,20,2026,2045,DOL/HH,921568,1.99513683796023,2.02993141694559,2.01245914550108,1.71101972173,19.6510886745645,17.6175306422711,1.98448299511362,1.78393309035027,11.2420082259905,99.8824910982707,99.9412455491353,0.200549904763344,0.200549904763344,8.50621623397826,13.9778002180027,7.13832023797216,15.3456962140088,7.13832023797216,15.3456962140088,5.27948781412595,17.204528637855,2224010,99.9998329696048,99.9999164848024,20316,2.44023493143293
network ( independenttv ),NET136,20,2026,2045,PEN, ,0.154950869236584,0.154950869236584,0.146636432350718,0.151423532375913,-3.16139767054908,-3.16139767054908,0.1466049319875,0.13591785,7.8628980575399,71.8981781650116,85.9490890825058,0.0106870819875, ,2.10339746463539,13.6223986504444,-0.77635283181687,16.5021489468967,-0.77635283181687,16.5021489468967,-4.68964246732679,20.4154385824066, ,96.930151632793,98.4650758163965,1323,0.391409468830654
network ( independenttv ),NET136,20,2026,2045,OCC, ,1.91219512195122,1.87479674796748,1.81443298969072,1.77870216306156,-0.0937507914035449,2.00881448120895,1.8161510581625,1.782098125,1.9108337910686,21.1442500287499,60.5721250143749,0.0340529331625, ,-3.71548865179818,7.53715623393538,-6.52864987323157,10.3503174553688,-6.52864987323157,10.3503174553688,-10.351451685047,14.1731192671842, ,15.9512026129301,57.975601306465,194,5.01332933803915
network ( independenttv ),NET136,20,2026,2045,DOL/OCC, ,8.10860900644071,7.96320733056465,8.56218393061692,7.95142013311148,5.85256613081609,7.68119137563974,8.56447722,8.18258025,4.66719492301955,73.8946439019752,86.9473219509876,0.38189697, ,1.38804316317639,7.9463466828627,-0.251532716745191,9.58592256278428,-0.251532716745191,9.58592256278428,-2.47955064782539,11.8139404938645, ,99.9926899306669,99.9963449653334,194,13.4159612134227
network ( independenttv ),NET136,20,2026,2045,DOL/HH,122618,2.47224489795918,2.39309397833207,2.31,2.21372385991434,0.77359334507134,4.34905824655969,2.27994611700853,1.98177591502895,15.0456063028309,84.0836713125037,92.0418356562518,0.29817020197958,0.29817020197958,6.60690593856134,23.4843066671005,2.38755575642656,27.7036568492352,2.38755575642656,27.7036568492352,-3.34611474850455,33.4373273541663,380669,99.7916765399322,99.8958382699661,1323,8.36180656802771
network ( mynetworktv ),NET112,20,2026,2045,PEN, ,0.243489583333333,0.243489583333333,0.240885416666667,0.200520833333333,20.1298701298701,20.1298701298701,0.24007162375,0.2154237375,11.4415832424224,82.9304764430664,91.4652382215332,0.02464788625, ,4.84667145976505,18.0364950250797,1.54921556843638,21.3339509164084,1.54921556843638,21.3339509164084,-2.93169375866212,25.8148602435069, ,100,100,768,0.710350272351416
network ( mynetworktv ),NET112,20,2026,2045,OCC, ,1.89304812834225,1.89661319073084,1.91891891891892,1.74675324675325,10.0604212347051,9.8563247262132,1.9143467165,1.89642575,0.944986456759512,11.0625749619875,55.5312874809938,0.0179209665, ,-4.41971749221424,6.30969040573326,-7.10206946670111,8.99204238022014,-7.10206946670111,8.99204238022014,-10.7471147310356,12.6370876445546, ,75.6286134243729,87.8143067121864,185,5.08688135498025
network ( mynetworktv ),NET112,20,2026,2045,DOL/OCC, ,6.49188591800357,6.57887919492866,7.13917760617761,7.28199350649351,-0.766584361013608,-1.96121982515569,7.1266302699875,7.100385,0.369631646558602,6.50539140196675,53.2526957009834,0.0262452699875, ,-3.20629597920885,3.94555927232605,-4.99425979209258,5.73352308520978,-4.99425979209258,5.73352308520978,-7.42392192850923,8.16318522162643, ,91.7925044370249,95.8962522185124,185,12.6952314375424
network ( mynetworktv ),NET112,20,2026,2045,DOL/HH,39951,3.05739583333333,3.03679253472222,3.37885416666667,2.44436197916667,37.3876249376311,38.2305155891268,3.27585066216904,2.90085403784209,12.9271111002161,61.7848259053179,80.8924129526589,0.374996624326952,0.374996624326952,1.24676869762326,24.6074535028089,-4.59340250367316,30.4476247041053,-4.59340250367316,30.4476247041053,-12.5296049792115,38.3838271796437,51471,99.9999999988325,99.9999999994163,768,16.9414842109698
network ( nbc ),NET13,20,2026,2045,PEN, ,0.129781224567954,0.129781224567954,0.122839772128872,0.110408987186238,11.258852435323,11.258852435323,0.122926358875,0.1166302125,5.3983836949624,99.3206155603491,99.6603077801745,0.006296146375, ,3.82351221669037,6.97325517323443,3.03607647755436,7.76069091237044,3.03607647755436,7.76069091237044,1.96603088353626,8.83073650638854, ,82.7903746475565,91.3951873237782,20889,0.0918387975855278
network ( nbc ),NET13,20,2026,2045,OCC, ,1.87716709701217,1.87261773023485,1.82540919719408,1.82569735510912,-0.264968598373254,-0.0157834437475048,1.826126528375,1.860882125,-1.86769468942048,66.4758615271469,83.2379307635734,0.034755596625, ,-3.39821627741953,-0.337173101421431,-4.16347707141906,0.428087692578095,-4.16347707141906,0.428087692578095,-5.20338915591811,1.46799977707715, ,65.2800368964169,82.6400184482084,2566,1.42406013251702
network ( nbc ),NET13,20,2026,2045,DOL/OCC, ,7.26574232936415,7.27718345648436,7.45912773950956,7.4342972284737,0.487895991259954,0.333999438988778,7.471138241375,7.438815625,0.434512938677654,28.8432040563024,64.4216020281512,0.032322616375, ,-0.493444842402389,1.3624707197577,-0.957423732942411,1.82644961029772,-0.957423732942411,1.82644961029772,-1.58792415712242,2.45695003447773, ,86.9649371430293,93.4824685715147,2566,3.45145342061928
network ( nbc ),NET13,20,2026,2045,DOL/HH,991616,1.7758016180765,1.78018877559162,1.70729043994447,1.50167839532768,13.9842993536628,13.6921490817557,1.67713031877676,1.61449121972189,3.87980425596012,79.6334393210547,89.8167196605274,0.0626390990548723,0.0626390990548723,1.46968417311089,6.28992433880935,0.26462413168627,7.49498438023397,0.26462413168627,7.49498438023397,-1.37293068550872,9.13253919742896,3120724,46.9066539194515,73.4533269597258,20889,1.94555885611774
