MODEL_DESC,dependent_variable,CNT_EXPSD_HH,UDJ_AVG_EXPSD_HH_PRE,UDJ_AVG_CNTRL_HH_PRE,UDJ_AVG_EXPSD_HH_PST,UDJ_AVG_CNTRL_HH_PST,UDJ_DOD_EFFCT,UDJ_DIFF_EFFCT,ADJ_MEAN_EXPSD_GRP,ADJ_MEAN_CNTRL_GRP,ADJ_DOD_EFFCT,PVAL,TWOTAIL_PVAL,ONETAIL_PVAL,ABS_DIFF,DOL_DIFF,ONETAIL_80_PCT_INTRVL_UB,ONETAIL_80_PCT_INTRVL_LB,ONETAIL_90_PCT_INTRVL_UB,ONETAIL_90_PCT_INTRVL_LB,TWOTAIL_80_PCT_INTRVL_UB,TWOTAIL_80_PCT_INTRVL_LB,TWOTAIL_90_PCT_INTRVL_UB,TWOTAIL_90_PCT_INTRVL_LB,COVAR,CORR_PVAL,unadj_avg_cntrl_hh_pst,idx,CNT_IMPRESSIONS,TWOTAIL_PVAL_to_Campaign,ONETAIL_PVAL_to_Campaign,CNT_Model_HH
Total Campaign,dolhh,949062,4.0255622,4.064193018,4.106708592,4.219950553,-1.76805728,-2.683490241,3.29471867,3.337021155,-1.267672061,0.270072188,72.99278125,86.49639062,-0.042302485,-0.042302485,-0.364893299,-2.230890845,0.308317302,-2.633939678,0.308317302,-2.633939678,0.821135927,-3.035502597,0,0,0,1,5906925,,,26606
Total Campaign,dolocc,,2.640013194,2.640013194,2.683984662,2.652255786,1.196297716,1.196297716,2.434580628,2.394659777,1.667078216,0.005396198,99.46038018,99.73019009,0.039920851,0.039920851,2.160159147,1.196803389,2.32149616,0.65713752,2.32149616,0.65713752,2.443441199,0.461970626,0,0,0,1,,,,10398
Total Campaign,occ,,2.226546034,2.248535819,2.229033571,2.300858092,-2.165919541,-3.121640608,1.931245017,1.978970648,-2.411639161,0.002590101,99.74098986,99.87049493,-0.047725631,-0.047725631,-1.576928371,-3.167108022,-1.294896235,-3.429496072,-1.294896235,-3.429496072,-1.129328639,-3.622228318,0,0,0,1,,,,10398
Total Campaign,pen,,0.684839443,0.684649725,0.686431568,0.691520168,-0.763291939,-0.735857024,0.700739481,0.704169096,-0.487044323,0.345369835,65.4630165,82.73150825,-0.003429616,-0.003429616,-0.069828488,-0.9345097,0.163102289,-1.146596413,0.163102289,-1.146596413,0.376812516,-1.29426435,0,0,0,1,,,,26606
creative_name(CocaColaHoliday),dolhh,949062,4.0255622,4.064487931,4.106708592,4.292107269,-3.412611505,-4.319525718,3.291429466,3.399570398,-3.181017573,0.019131853,98.08681472,99.04340736,-0.108140932,-0.108140932,-2.04934386,-4.285157155,-1.610023294,-4.932919453,-1.610023294,-4.932919453,-1.104539025,-5.436449192,0,0,0,2,5906925,,,26606
creative_name(CocaColaHoliday),dolocc,,2.640013194,2.640013194,2.683984662,2.659504116,0.920492878,0.920492878,2.433380278,2.402953989,1.266203557,0.021802986,97.81970143,98.90985072,0.030426289,0.030426289,1.723673264,0.786417727,1.922834379,0.545773068,1.922834379,0.545773068,2.138838668,0.308999787,0,0,0,2,,,,10398
creative_name(CocaColaHoliday),occ,,2.226546034,2.248749574,2.229033571,2.310789425,-2.577141481,-3.538005337,1.929558745,1.989498466,-3.012805604,0.002021138,99.79788616,99.89894308,-0.059939721,-0.059939721,-2.164731687,-3.832299993,-1.750963229,-4.445379116,-1.750963229,-4.445379116,-1.484930526,-4.759988385,0,0,0,2,,,,10398
creative_name(CocaColaHoliday),pen,,0.684839443,0.684634329,0.686431568,0.698409835,-1.744445878,-1.715077102,0.700997357,0.711104859,-1.421379983,0.041183975,95.88160253,97.94080127,-0.010107502,-0.010107502,-0.897315737,-1.982346902,-0.570318145,-2.348273725,-0.570318145,-2.348273725,-0.218952958,-2.540460723,0,0,0,2,,,,26606
device(Computer),dolhh,595590,4.01607222,3.99561848,4.087766866,4.241833699,-4.114271945,-3.632080948,3.254456771,3.380799016,-3.737052815,0.000873927,99.91260732,99.95630366,-0.126342245,-0.126342245,-2.732720265,-4.875828563,-2.239496801,-5.27138947,-2.239496801,-5.27138947,-1.913245126,-5.50342814,0,0,0,13,3960824,,,16674
device(Computer),dolocc,,2.662811879,2.662811879,2.724356889,2.680288131,1.644179885,1.644179885,2.464383671,2.427791511,1.507220005,0.027097886,97.29021141,98.64510571,0.036592159,0.036592159,2.086751693,0.94698329,2.365261046,0.599222949,2.365261046,0.599222949,2.579933809,0.30827453,0,0,0,13,,,,6511
device(Computer),occ,,2.196262806,2.185082863,2.188937031,2.277446244,-4.3772342,-3.886335999,1.888077479,1.967366617,-4.030216702,1.67E-09,99.99999983,99.99999992,-0.079289138,-0.079289138,-3.479547859,-4.684925445,-3.237773366,-4.976272557,-3.237773366,-4.976272557,-2.950722304,-5.140196263,0,0,0,13,,,,6511
device(Computer),pen,,0.686715297,0.68671362,0.68547063,0.694911736,-1.358846411,-1.358605084,0.699439579,0.707824413,-1.184592355,0.0628195,93.71805,96.859025,-0.008384834,-0.008384834,-0.610691108,-1.792042601,-0.407394079,-2.099156627,-0.407394079,-2.099156627,-0.246592408,-2.284509656,0,0,0,13,,,,16674
device(Smartphone),dolhh,330393,4.110325531,4.108766044,4.13019404,4.334315667,-4.745411509,-4.709431498,3.291019734,3.449677421,-4.599203553,0.010926381,98.90736192,99.45368096,-0.158657687,-0.158657687,-2.743651382,-6.37523489,-2.154713128,-6.880222758,-2.154713128,-6.880222758,-1.737792118,-7.248796669,0,0,0,24,1649473,,,9327
device(Smartphone),dolocc,,2.617075712,2.617075712,2.619813805,2.672131551,-1.957903098,-1.957903098,2.372170883,2.416436554,-1.831857334,0.076568489,92.34315107,96.17157554,-0.04426567,-0.04426567,-1.020218381,-2.760734101,-0.570895688,-3.119619788,-0.570895688,-3.119619788,0.159490162,-3.357006283,0,0,0,24,,,,3649
device(Smartphone),occ,,2.306543543,2.307138224,2.291936613,2.325374739,-1.412393641,-1.437967206,1.977934382,2.008014928,-1.49802404,0.329747285,67.02527148,83.51263574,-0.030080546,-0.030080546,-0.222709108,-2.479264155,0.265236489,-4.065405326,0.265236489,-4.065405326,0.603028027,-4.57844528,0,0,0,24,,,,3649
device(Smartphone),pen,,0.680923424,0.680489731,0.687855837,0.697581663,-1.456391196,-1.394220337,0.701410541,0.710981584,-1.346173156,0.156730496,84.32695041,92.1634752,-0.009571043,-0.009571043,-0.608211559,-2.164802012,-0.123279259,-2.368509637,-0.123279259,-2.368509637,0.726066869,-2.514725338,0,0,0,24,,,,9327
device(Tablet),dolhh,61240,3.888476569,3.855462931,4.200682467,4.234397397,-1.575869295,-0.796215541,3.32312103,3.386583228,-1.87392995,0.528855858,47.1144142,73.5572071,-0.063462197,-0.063462197,0.6033484,-4.275514202,1.726132274,-6.086564854,1.726132274,-6.086564854,2.616082167,-6.943635354,0,0,0,35,296627,,,1713
device(Tablet),dolocc,,2.565864262,2.565864262,2.660298455,2.690882172,-1.136568421,-1.136568421,2.4016845,2.4407906,-1.602189877,0.384765676,61.52343242,80.76171621,-0.0391061,-0.0391061,-0.355551662,-3.025745319,0.571311838,-3.666991435,0.571311838,-3.666991435,1.458594382,-4.26263483,0,0,0,35,,,,678
device(Tablet),occ,,2.154188367,2.136264343,2.200035951,2.273906353,-4.036860393,-3.248612297,1.888054383,1.97469747,-4.387663816,0.096032626,90.39673741,95.19836871,-0.086643086,-0.086643086,-2.437679076,-6.871311494,-1.47471259,-7.494827615,-1.47471259,-7.494827615,-0.318090695,-8.130860021,0,0,0,35,,,,678
device(Tablet),pen,,0.70349681,0.703377132,0.717727711,0.69228571,3.657784979,3.675072355,0.732850079,0.702881076,4.263737386,0.042419408,95.75805921,97.8790296,0.029969003,0.029969003,6.366778124,2.510333835,6.752297899,1.336088374,6.752297899,1.336088374,7.237443405,0.890069978,0,0,0,35,,,,1713
frequency_type_dym(Exposures_g_10_le_11),dolhh,33089,3.848363359,3.814736824,4.569891756,4.368368026,3.843476436,4.613249818,3.668402325,3.471191619,5.681354632,0.402878264,59.71217361,79.85608681,0.197210706,0.197210706,12.25121181,0.338195791,16.23910112,-1.228732442,16.23910112,-1.228732442,21.48244028,-2.424315034,0,0,0,37,363987,,,897
frequency_type_dym(Exposures_g_10_le_11),dolocc,,2.632260421,2.632260421,2.717476215,2.709606346,0.290443255,0.290443255,2.46540909,2.444599145,0.851262047,0.746930937,25.30690632,62.65345316,0.020809945,0.020809945,3.427724979,-1.302709355,4.527498114,-2.594973275,4.527498114,-2.594973275,5.28058359,-4.338571763,0,0,0,37,,,,356
frequency_type_dym(Exposures_g_10_le_11),occ,,2.289608718,2.269941129,2.399813604,2.403079765,-0.954348259,-0.135915629,2.087618209,2.064677832,1.111087496,0.763149973,23.68500271,61.84250135,0.022940377,0.022940377,4.120207373,-2.705185591,7.77747872,-4.387677074,7.77747872,-4.387677074,9.461275441,-5.352281648,0,0,0,37,,,,356
frequency_type_dym(Exposures_g_10_le_11),pen,,0.638536823,0.638444327,0.700749265,0.670860018,4.441574935,4.455362645,0.712733513,0.68758565,3.657415222,0.231442664,76.8557336,88.4278668,0.025147862,0.025147862,5.795114089,0.417549876,6.664059389,-0.241343708,6.664059389,-0.241343708,8.751968049,-0.571358482,0,0,0,37,,,,897
frequency_type_dym(Exposures_g_1_le_2),dolhh,98522,4.181857121,4.170709133,4.495117294,4.353438505,2.998338016,3.254411172,3.589750936,3.46801248,3.51032346,0.248434651,75.15653486,87.57826743,0.121738456,0.121738456,6.203174271,0.958101229,8.534545483,0.129768067,8.534545483,0.129768067,9.825068338,-0.730283977,0,0,0,38,197045,,,2778
frequency_type_dym(Exposures_g_1_le_2),dolocc,,2.646967793,2.646967793,2.767142723,2.664991743,3.833069292,3.833069292,2.511482686,2.405276773,4.415538135,0.01076198,98.92380199,99.46190099,0.106205913,0.106205913,5.875878156,3.145987236,6.439073458,2.315583545,6.439073458,2.315583545,7.049488653,1.351976954,0,0,0,38,,,,1098
frequency_type_dym(Exposures_g_1_le_2),occ,,2.229998429,2.224378561,2.29633504,2.279931122,0.472998961,0.719491848,1.97893112,1.974489457,0.224952456,0.895505991,10.44940094,55.22470047,0.004441663,0.004441663,1.969273339,-1.132154433,2.903685489,-1.95167808,2.903685489,-1.95167808,3.689874422,-3.042101723,0,0,0,38,,,,1098
frequency_type_dym(Exposures_g_1_le_2),pen,,0.708461046,0.708358009,0.707414921,0.716591109,-1.294912042,-1.280533274,0.722274475,0.730299435,-1.098858772,0.551651483,44.83485167,72.41742583,-0.008024959,-0.008024959,0.568987165,-2.482578771,1.581837182,-3.190310222,1.581837182,-3.190310222,2.264449579,-3.815273703,0,0,0,38,,,,2778
frequency_type_dym(Exposures_g_2_le_3),dolhh,68049,3.93078472,3.878140095,3.86635042,4.102374289,-7.036620103,-5.753348002,3.106232357,3.242506374,-4.202737047,0.302177885,69.78221151,84.89110575,-0.136274017,-0.136274017,-1.488138199,-6.925203091,1.328017508,-8.003981932,1.328017508,-8.003981932,3.627762249,-9.078322545,0,0,0,39,204147,,,1919
frequency_type_dym(Exposures_g_2_le_3),dolocc,,2.644319436,2.644319436,2.641958805,2.641669737,0.010942624,0.010942624,2.388302163,2.39708696,-0.366478067,0.874297634,12.57023662,56.28511831,-0.008784798,-0.008784798,1.424612567,-2.091236674,2.338827297,-3.078047783,2.338827297,-3.078047783,3.090040007,-3.634125927,0,0,0,39,,,,739
frequency_type_dym(Exposures_g_2_le_3),occ,,2.213275643,2.183425332,2.14977025,2.27279725,-6.72639458,-5.413021317,1.874833156,1.941122081,-3.414979709,0.137825947,86.2174053,93.10870265,-0.066288925,-0.066288925,-1.208558952,-5.159486257,-0.258600999,-6.187262195,-0.258600999,-6.187262195,0.402553803,-7.24552176,0,0,0,39,,,,739
frequency_type_dym(Exposures_g_2_le_3),pen,,0.671629614,0.671694337,0.680742904,0.683167285,-0.345399833,-0.354873726,0.693715254,0.696735601,-0.433499797,0.813515255,18.64847453,59.32423726,-0.003020347,-0.003020347,1.350637733,-1.959810202,2.085115624,-2.554888158,2.085115624,-2.554888158,2.451445129,-2.898624619,0,0,0,39,,,,1919
frequency_type_dym(Exposures_g_3_le_4),dolhh,53947,3.886983178,3.906684417,4.020282207,4.04554225,-0.137405662,-0.624392017,3.253111714,3.194856624,1.82340232,0.645640682,35.43593183,67.71796592,0.05825509,0.05825509,5.866980171,-2.035174448,7.585869238,-3.906921114,7.585869238,-3.906921114,8.424093301,-4.630358568,0,0,0,40,215791,,,1547
frequency_type_dym(Exposures_g_3_le_4),dolocc,,2.499532477,2.499532477,2.698847153,2.641843988,2.1577037,2.1577037,2.449639006,2.38713351,2.618433191,0.118183261,88.18167389,94.09083695,0.062505496,0.062505496,3.87193135,1.281590781,4.613570685,0.717904077,4.613570685,0.717904077,5.332278422,-0.005059678,0,0,0,40,,,,582
frequency_type_dym(Exposures_g_3_le_4),occ,,2.192599753,2.2040401,2.350852837,2.265995513,4.249684957,3.744814297,2.051015524,1.940684039,5.685185328,0.089059336,91.09406637,95.54703319,0.110331484,0.110331484,8.771291806,2.609021169,9.84564184,0.594007854,9.84564184,0.594007854,10.80012481,-0.211169691,0,0,0,40,,,,582
frequency_type_dym(Exposures_g_3_le_4),pen,,0.709242115,0.709137553,0.633654914,0.675834903,-6.256639045,-6.241167577,0.647479158,0.689659887,-6.116163785,0.002295174,99.77048259,99.88524129,-0.042180728,-0.042180728,-3.870607305,-7.929365224,-3.074018721,-8.399901617,-3.074018721,-8.399901617,-2.761021944,-8.841705468,0,0,0,40,,,,1547
frequency_type_dym(Exposures_g_4_le_5),dolhh,133858,3.982160597,4.008272781,3.782715671,4.062142878,-6.235994891,-6.878812861,3.042715035,3.187491413,-4.542016236,0.078062293,92.19377071,96.09688536,-0.144776377,-0.144776377,-2.648219452,-6.118264924,-1.643129861,-6.99687388,-1.643129861,-6.99687388,-0.208440428,-10.10268478,0,0,0,41,669292,,,3793
frequency_type_dym(Exposures_g_4_le_5),dolocc,,2.671499606,2.671499606,2.635215528,2.66638446,-1.168958677,-1.168958677,2.388138064,2.408583811,-0.84887009,0.50901901,49.09809901,74.5490495,-0.020445748,-0.020445748,0.266053708,-1.960351266,1.021526188,-2.312731963,1.021526188,-2.312731963,1.42325138,-2.746944845,0,0,0,41,,,,1446
frequency_type_dym(Exposures_g_4_le_5),occ,,2.226974244,2.24235918,2.180761416,2.243178109,-2.096657324,-2.78251171,1.899093587,1.915052373,-0.833334162,0.613541896,38.64581038,69.32290519,-0.015958786,-0.015958786,0.475099038,-2.097441282,1.379910672,-2.896122738,1.379910672,-2.896122738,1.966609145,-3.436675326,0,0,0,41,,,,1446
frequency_type_dym(Exposures_g_4_le_5),pen,,0.669342593,0.669109419,0.658232624,0.679203396,-3.121884706,-3.087554096,0.670894304,0.691069483,-2.919414052,0.085129026,91.48709744,95.74354872,-0.02017518,-0.02017518,-1.287993174,-4.338157538,-0.759734218,-4.919533448,-0.759734218,-4.919533448,-0.36324123,-6.198087893,0,0,0,41,,,,3793
frequency_type_dym(Exposures_g_5_le_7),dolhh,123190,4.20044305,4.178104772,4.344804549,4.316480543,0.138671478,0.656182877,3.478172703,3.443203623,1.015597209,0.658977417,34.10225831,67.05112915,0.03496908,0.03496908,3.43320705,-1.286449847,4.03188329,-2.158311299,4.03188329,-2.158311299,4.521944478,-2.748594048,0,0,0,3,788073,,,3536
frequency_type_dym(Exposures_g_5_le_7),dolocc,,2.638084016,2.638084016,2.748366866,2.652031173,3.632524937,3.632524937,2.498320612,2.39183986,4.451834503,0.005600143,99.43998574,99.71999287,0.106480752,0.106480752,6.070837016,3.074899213,6.50475899,2.309135289,6.50475899,2.309135289,7.214144475,1.928734543,0,0,0,3,,,,1368
frequency_type_dym(Exposures_g_5_le_7),occ,,2.357155769,2.344446119,2.295884596,2.308241358,-1.085952827,-0.53533231,1.978368011,2.001875918,-1.174293925,0.540087445,45.99125547,72.99562774,-0.023507907,-0.023507907,0.264812092,-2.542233258,1.223352716,-3.49003348,1.223352716,-3.49003348,1.965341772,-3.977003458,0,0,0,3,,,,1368
frequency_type_dym(Exposures_g_5_le_7),pen,,0.675488866,0.675540303,0.68856586,0.705209142,-2.352755236,-2.360049088,0.703711437,0.719175917,-2.150305542,0.05185892,94.81410804,97.40705402,-0.01546448,-0.01546448,-1.201428218,-2.930075342,-0.738299479,-3.81906394,-0.738299479,-3.81906394,-0.390151955,-4.213979443,0,0,0,3,,,,3536
frequency_type_dym(Exposures_g_7_le_10),dolhh,111973,4.115031934,4.14839094,4.021475175,4.318786707,-6.111728686,-6.88414483,3.187017636,3.452426047,-7.687591489,0.009822942,99.01770581,99.5088529,-0.265408411,-0.265408411,-5.231193455,-9.914142336,-3.738628659,-10.95876477,-3.738628659,-10.95876477,-1.083212146,-11.35043741,0,0,0,4,1012332,,,3143
frequency_type_dym(Exposures_g_7_le_10),dolocc,,2.72299157,2.72299157,2.652170823,2.727610809,-2.765789949,-2.765789949,2.389940132,2.485185388,-3.832521176,0.001199249,99.88007507,99.94003754,-0.095245256,-0.095245256,-2.771282123,-4.857838139,-2.217517637,-5.330392846,-2.217517637,-5.330392846,-1.793832974,-5.757369172,0,0,0,4,,,,1243
frequency_type_dym(Exposures_g_7_le_10),occ,,2.126893852,2.14456502,2.142975743,2.249923776,-3.967995088,-4.753406945,1.84813068,1.938006928,-4.637560736,0.018075417,98.19245826,99.09622913,-0.089876248,-0.089876248,-2.791945937,-6.208142913,-1.550863288,-6.909848591,-1.550863288,-6.909848591,-0.952610406,-7.37276952,0,0,0,4,,,,1243
frequency_type_dym(Exposures_g_7_le_10),pen,,0.710527837,0.71038601,0.707565492,0.70371722,0.526695261,0.546849188,0.721545977,0.716797409,0.66247007,0.714001219,28.59987812,64.29993906,0.004748568,0.004748568,1.815759007,-1.267743089,3.09797845,-1.884167524,3.09797845,-1.884167524,3.821378747,-2.406029012,0,0,0,4,,,,3143
frequency_type_dym(Exposures_ge_11),dolhh,162737,3.98754251,3.950229048,4.057389807,4.079626702,-1.459701154,-0.545071828,3.211570196,3.256541186,-1.380943377,0.596620963,40.33790375,70.16895187,-0.04497099,-0.04497099,0.794269513,-3.689883721,2.285543133,-4.325595011,2.285543133,-4.325595011,3.576739133,-4.723982188,0,0,0,5,2292560,,,4299
frequency_type_dym(Exposures_ge_11),dolocc,,2.657814521,2.657814521,2.739664369,2.682720104,2.1226316,2.1226316,2.475915184,2.432443775,1.787149593,0.102284749,89.77152508,94.88576254,0.043471409,0.043471409,2.365162666,1.066369959,2.860197104,0.703553119,2.860197104,0.703553119,3.359632105,0.385148253,0,0,0,5,,,,1674
frequency_type_dym(Exposures_ge_11),occ,,2.18430372,2.163742653,2.187819042,2.259965128,-4.102149693,-3.192353929,1.881052433,1.95412012,-3.739160482,0.038428725,96.15712751,98.07856375,-0.073067687,-0.073067687,-1.941415555,-5.434804482,-1.117638574,-6.097511531,-1.117638574,-6.097511531,-0.795924628,-6.407838457,0,0,0,5,,,,1674
frequency_type_dym(Exposures_ge_11),pen,,0.686859059,0.686897822,0.67692098,0.672903058,0.602863052,0.597102627,0.689572651,0.68512287,0.649486592,0.623684458,37.63155422,68.81577711,0.004449781,0.004449781,1.594427897,-0.461424017,2.193247883,-1.171684415,2.193247883,-1.171684415,2.807855532,-1.959585381,0,0,0,5,,,,4299
frequency_type_dym(Exposures_le_1),dolhh,163694,3.936820187,3.9368628,4.13009902,4.277167832,-3.437466211,-3.438462508,3.281424553,3.422137027,-4.111830494,0.060103582,93.98964183,96.99482091,-0.140712474,-0.140712474,-2.321880164,-5.817099444,-1.501764269,-6.913568173,-1.501764269,-6.913568173,-0.519180727,-8.003355958,0,0,0,6,163694,,,4694
frequency_type_dym(Exposures_le_1),dolocc,,2.605977228,2.605977228,2.616256466,2.668129222,-1.944162077,-1.944162077,2.369095345,2.414810837,-1.89312929,0.104697938,89.53020615,94.76510308,-0.045715491,-0.045715491,-0.966730476,-3.007768427,-0.398556918,-3.449623333,-0.398556918,-3.449623333,0.280301275,-3.691617322,0,0,0,6,,,,1892
frequency_type_dym(Exposures_le_1),occ,,2.25440544,2.254582554,2.228329794,2.324246492,-4.119166566,-4.126786827,1.918301882,2.014015312,-4.752368543,0.000163012,99.98369876,99.99184938,-0.09571343,-0.09571343,-3.616244864,-5.916437375,-3.204478719,-6.574399806,-3.204478719,-6.574399806,-2.962106222,-6.973999097,0,0,0,6,,,,1892
frequency_type_dym(Exposures_le_1),pen,,0.670105124,0.670060018,0.708436098,0.689723385,2.706535313,2.713075067,0.722041476,0.703646107,2.614292738,0.056559886,94.34401137,97.17200568,0.018395369,0.018395369,3.731375643,1.907098162,4.176169506,1.109272918,4.176169506,1.109272918,4.463028123,0.499835663,0,0,0,6,,,,4694
frequency_type_std(Eight_Exposures),dolhh,37422,4.059051108,4.146561885,4.113372519,4.358979599,-3.626910818,-5.634508587,3.310857186,3.42211229,-3.251065266,0.606854089,39.31459114,69.65729557,-0.111255104,-0.111255104,0.607219082,-7.747299197,3.838988692,-11.46523532,3.838988692,-11.46523532,7.968646643,-12.51372413,0,0,0,7,299377,,,1076
frequency_type_std(Eight_Exposures),dolocc,,2.61335786,2.61335786,2.610904168,2.576139869,1.349472483,1.349472483,2.364415394,2.329742649,1.488265021,0.616776468,38.3223532,69.1611766,0.034672745,0.034672745,4.039242633,-1.208698897,5.820408642,-2.574961363,5.820408642,-2.574961363,7.187016042,-3.583452829,0,0,0,7,,,,452
frequency_type_std(Eight_Exposures),occ,,2.218715196,2.267744398,2.112014499,2.372389907,-8.908578036,-10.97523672,1.838858013,2.027721522,-9.314075264,0.001687426,99.83125735,99.91562868,-0.188863509,-0.188863509,-6.864716413,-11.75372138,-5.653048904,-13.09965544,-5.653048904,-13.09965544,-4.142656364,-14.27592757,0,0,0,7,,,,452
frequency_type_std(Eight_Exposures),pen,,0.700041969,0.699673711,0.745950854,0.71303036,4.565336583,4.616983526,0.761494249,0.724189253,5.151277252,0.089241643,91.07583575,95.53791787,0.037304996,0.037304996,7.693692883,2.724724931,9.104042658,1.395483047,9.104042658,1.395483047,10.76238251,0.606649411,0,0,0,7,,,,1076
frequency_type_std(Five_Exposures),dolhh,133858,3.980828366,4.01669101,3.78113642,4.033046934,-5.356939154,-6.246158741,3.049297133,3.157036045,-3.412660187,0.249282707,75.07172932,87.53586466,-0.107738912,-0.107738912,-1.347241271,-5.693327395,-0.284288626,-7.00107229,-0.284288626,-7.00107229,0.714131562,-8.39340729,0,0,0,8,669292,,,3793
frequency_type_std(Five_Exposures),dolocc,,2.670207283,2.670207283,2.63372329,2.639422396,-0.215922496,-0.215922496,2.390890105,2.380192493,0.449443136,0.756077154,24.39228464,62.19614232,0.010697612,0.010697612,1.731855305,-0.80029253,2.228976713,-1.705267631,2.228976713,-1.705267631,2.80772916,-2.116738826,0,0,0,8,,,,1446
frequency_type_std(Five_Exposures),occ,,2.227243385,2.248061248,2.181041568,2.252579391,-2.251639194,-3.175818074,1.900450599,1.922239427,-1.133512663,0.580115813,41.98841872,70.99420936,-0.021788827,-0.021788827,0.622741321,-2.618018832,1.244418243,-3.592728991,1.244418243,-3.592728991,1.761564426,-4.539985558,0,0,0,8,,,,1446
frequency_type_std(Five_Exposures),pen,,0.669361608,0.669137864,0.658246047,0.678338145,-2.994943249,-2.961958989,0.671093147,0.690004882,-2.740811708,0.034461018,96.55389822,98.27694911,-0.018911735,-0.018911735,-1.690108041,-3.903833116,-1.229683913,-4.363715551,-1.229683913,-4.363715551,-0.620610657,-4.56570139,0,0,0,8,,,,3793
frequency_type_std(Four_Exposures),dolhh,53947,3.893279566,3.906241636,4.027746062,4.264954087,-5.257875009,-5.561795508,3.231099543,3.382396411,-4.473067291,0.363156732,63.68432677,81.84216339,-0.151296868,-0.151296868,-0.703644218,-7.352021163,2.452227137,-11.05588534,2.452227137,-11.05588534,3.710216058,-12.34901227,0,0,0,9,215791,,,1547
frequency_type_std(Four_Exposures),dolocc,,2.492249549,2.492249549,2.690437591,2.560219082,5.086225263,5.086225263,2.434377028,2.312571189,5.26711737,0.012427779,98.7572221,99.37861105,0.121805839,0.121805839,7.247413525,3.561406602,7.993078568,2.698520965,7.993078568,2.698520965,8.591855544,1.671614988,0,0,0,9,,,,582
frequency_type_std(Four_Exposures),occ,,2.195780523,2.203362236,2.35416375,2.376338019,-0.614077446,-0.933127714,2.039727443,2.050177604,-0.509719787,0.95408899,4.591101018,52.29555051,-0.010450161,-0.010450161,2.765082421,-2.448357173,3.694105588,-4.009242676,3.694105588,-4.009242676,4.548443495,-11.34927667,0,0,0,9,,,,582
frequency_type_std(Four_Exposures),pen,,0.711434851,0.711348086,0.635920011,0.701294501,-9.334345976,-9.321973938,0.650711297,0.713702909,-8.826027107,1.09E-07,99.99998911,99.99999456,-0.062991612,-0.062991612,-7.39111316,-10.25207512,-6.776431092,-10.85562514,-6.776431092,-10.85562514,-5.767104991,-11.73282808,0,0,0,9,,,,1547
frequency_type_std(Nine_Exposures),dolhh,32553,3.830615734,3.815600513,3.827656646,4.115253834,-7.353432417,-6.988564976,3.075561662,3.24562534,-5.239781535,0.234288259,76.57117413,88.28558706,-0.170063677,-0.170063677,-0.665580155,-9.054233297,1.273385091,-10.17368091,1.273385091,-10.17368091,2.340319914,-10.86472124,0,0,0,10,292984,,,911
frequency_type_std(Nine_Exposures),dolocc,,2.713839816,2.713839816,2.658540495,2.851844928,-6.778223845,-6.778223845,2.422798648,2.574239991,-5.882953558,0.018093178,98.19068221,99.0953411,-0.151441343,-0.151441343,-3.837960157,-7.949363649,-2.551614432,-8.913336386,-2.551614432,-8.913336386,-1.303034758,-9.545958336,0,0,0,10,,,,340
frequency_type_std(Nine_Exposures),occ,,2.027307119,2.019256688,2.098499375,2.079343508,0.534083703,0.921245879,1.814356889,1.785854111,1.596030581,0.618402784,38.15972156,69.07986078,0.028502778,0.028502778,4.758142947,-1.277274135,6.102567782,-2.756323729,6.102567782,-2.756323729,7.683441409,-3.46893843,0,0,0,10,,,,340
frequency_type_std(Nine_Exposures),pen,,0.696249398,0.69628584,0.68608962,0.69407734,-1.145589628,-1.150840019,0.69964939,0.706161176,-0.922138777,0.760770585,23.92294155,61.96147077,-0.006511786,-0.006511786,1.735330607,-2.91425102,2.611988678,-4.890744268,2.611988678,-4.890744268,3.349837708,-6.280176519,0,0,0,10,,,,911
frequency_type_std(One_Exposure),dolhh,163694,3.930845938,3.926527973,4.123017034,4.168873399,-1.203546502,-1.099970192,3.290936553,3.307270917,-0.493892523,0.882459684,11.75403164,55.87701582,-0.016334364,-0.016334364,1.916124465,-2.907450911,2.795600412,-4.484554904,2.795600412,-4.484554904,3.831062551,-5.498786254,0,0,0,11,163694,,,4694
frequency_type_std(One_Exposure),dolocc,,2.603651068,2.603651068,2.61357046,2.644255868,-1.160455318,-1.160455318,2.36725246,2.390279262,-0.963351962,0.44400304,55.59969599,77.799848,-0.023026802,-0.023026802,0.205564168,-2.107766774,0.709964813,-2.4544903,0.709964813,-2.4544903,1.134125683,-2.700757359,0,0,0,11,,,,1892
frequency_type_std(One_Exposure),occ,,2.253883998,2.251515124,2.227787017,2.320615073,-4.102228377,-4.000148821,1.926557695,1.999612584,-3.653452177,0.040227396,95.97726039,97.98863019,-0.073054889,-0.073054889,-2.173156256,-5.121298269,-1.441465871,-5.942477734,-1.441465871,-5.942477734,-0.896124357,-6.873572738,0,0,0,11,,,,1892
frequency_type_std(One_Exposure),pen,,0.669840931,0.669809385,0.708120631,0.679358503,4.229075191,4.233718641,0.721593024,0.69191895,4.288663273,0.001908217,99.80917832,99.90458916,0.029674074,0.029674074,5.534252407,3.065120936,6.038524555,2.381539782,6.038524555,2.381539782,6.60728665,1.919654742,0,0,0,11,,,,4694
frequency_type_std(Seven_Exposures),dolhh,48932,4.112901108,4.094029217,4.4205579,4.411815576,-0.229600889,0.198157058,3.513856869,3.541613761,-0.78373572,0.885769247,11.42307526,55.71153763,-0.027756892,-0.027756892,2.786937309,-3.370376768,4.714393456,-7.666263944,4.714393456,-7.666263944,5.998846177,-9.135595146,0,0,0,12,342529,,,1446
frequency_type_std(Seven_Exposures),dolocc,,2.66062437,2.66062437,2.784421421,2.670665672,4.259452984,4.259452984,2.523060788,2.415961599,4.432983903,0.02894055,97.10594502,98.55297251,0.107099189,0.107099189,6.315352505,2.700535979,7.282334167,1.922549362,7.282334167,1.922549362,8.029307382,1.243041943,0,0,0,12,,,,535
frequency_type_std(Seven_Exposures),occ,,2.413326664,2.402989282,2.36620082,2.417976194,-2.568791031,-2.141268943,2.036776295,2.100491048,-3.033326541,0.352490401,64.75095991,82.37547996,-0.063714752,-0.063714752,0.160312039,-5.909972355,1.524245028,-7.235059977,1.524245028,-7.235059977,2.274048279,-8.037527673,0,0,0,12,,,,535
frequency_type_std(Seven_Exposures),pen,,0.640543445,0.640349003,0.670950555,0.683261464,-1.83024394,-1.801785962,0.683773027,0.697915927,-2.026447413,0.27813612,72.18638798,86.09319399,-0.014142899,-0.014142899,-0.849438208,-3.446821076,0.678784883,-4.357266227,0.678784883,-4.357266227,1.65210083,-5.080222621,0,0,0,12,,,,1446
frequency_type_std(Six_Exposures),dolhh,74257,4.304004839,4.258587668,4.328891819,4.379624502,-2.195390353,-1.158379739,3.492272608,3.461916302,0.876864248,0.707364968,29.26350321,64.6317516,0.030356306,0.030356306,3.231574199,-1.879786409,4.074186446,-2.475938798,4.074186446,-2.475938798,4.516928067,-2.963723909,0,0,0,14,445544,,,2090
frequency_type_std(Six_Exposures),dolocc,,2.65373504,2.65373504,2.734071092,2.659801229,2.792308762,2.792308762,2.492347888,2.392376511,4.178747659,0.019819489,98.01805109,99.00902554,0.099971377,0.099971377,5.862761249,2.73525022,6.320951316,1.976182048,6.320951316,1.976182048,6.952331033,1.595457923,0,0,0,14,,,,833
frequency_type_std(Six_Exposures),occ,,2.341254193,2.316259079,2.260992723,2.314028152,-3.372065406,-2.291909405,1.95612416,1.995609,-1.978585972,0.407910813,59.20891867,79.60445934,-0.03948484,-0.03948484,-0.015372602,-3.472261603,0.752981905,-4.883500641,0.752981905,-4.883500641,1.295990017,-6.97052855,0,0,0,14,,,,833
frequency_type_std(Six_Exposures),pen,,0.692734191,0.692821559,0.700273618,0.711759451,-1.601449201,-1.613724032,0.716312584,0.725298214,-1.23888773,0.348545621,65.14543794,82.57271897,-0.008985631,-0.008985631,-0.217994699,-2.271047704,0.377540954,-3.00440509,0.377540954,-3.00440509,0.969327166,-3.369389075,0,0,0,14,,,,2090
frequency_type_std(Ten_or_More_Exposures),dolhh,237823,4.043755314,4.035209097,4.142901252,4.285725064,-3.531958471,-3.332547232,3.275832733,3.436527459,-4.676078636,0.027115037,97.28849634,98.64424817,-0.160694726,-0.160694726,-2.896408843,-6.247711844,-2.137620339,-7.072805889,-2.137620339,-7.072805889,-0.288677346,-7.682816502,0,0,0,15,3076518,,,6352
frequency_type_std(Ten_or_More_Exposures),dolocc,,2.68606169,2.68606169,2.726794663,2.720757913,0.221877524,0.221877524,2.455590509,2.475491129,-0.803905948,0.509358081,49.06419194,74.53209597,-0.01990062,-0.01990062,0.186072151,-1.788130176,0.506644477,-2.617156573,0.506644477,-2.617156573,0.754841574,-3.297506518,0,0,0,15,,,,2481
frequency_type_std(Ten_or_More_Exposures),occ,,2.188869837,2.184485268,2.224464233,2.308131572,-3.814856483,-3.624894669,1.914712047,1.996984853,-4.119851267,0.015386483,98.46135167,99.23067583,-0.082272806,-0.082272806,-2.745012638,-5.710371171,-2.057404141,-6.26123099,-2.057404141,-6.26123099,-0.9118551,-6.92181976,0,0,0,15,,,,2481
frequency_type_std(Ten_or_More_Exposures),pen,,0.68777906,0.687703282,0.683009461,0.682501943,0.063258383,0.074361396,0.69672625,0.695196851,0.219995037,0.820643774,17.93562257,58.96781129,0.001529399,0.001529399,1.09706159,-0.755954671,1.67674665,-1.170176705,1.67674665,-1.170176705,1.94198654,-1.38474655,0,0,0,15,,,,6352
frequency_type_std(Three_Exposures),dolhh,68049,3.928203139,3.902347689,3.863290165,4.036133795,-4.923005264,-4.282405847,3.125137929,3.168930095,-1.381922766,0.726084772,27.39152282,63.69576141,-0.043792166,-0.043792166,1.668136968,-4.791747042,3.559767737,-5.659862181,3.559767737,-5.659862181,5.240100429,-6.135142582,0,0,0,16,204147,,,1919
frequency_type_std(Three_Exposures),dolocc,,2.64258722,2.64258722,2.639958624,2.607249677,1.254538347,1.254538347,2.394337635,2.35857486,1.516287489,0.523365933,47.6634067,73.83170335,0.035762776,0.035762776,3.982529349,-0.600422059,4.784851843,-1.858931806,4.784851843,-1.858931806,5.366097668,-2.609119751,0,0,0,16,,,,739
frequency_type_std(Three_Exposures),occ,,2.2131969,2.198547381,2.149688285,2.268339637,-5.87658341,-5.230757772,1.878128369,1.933853719,-2.881570058,0.11121532,88.87846803,94.43923402,-0.05572535,-0.05572535,-1.181804688,-4.397234233,-0.624167872,-5.181661455,-0.624167872,-5.181661455,-0.137112909,-5.974340107,0,0,0,16,,,,739
frequency_type_std(Three_Exposures),pen,,0.671652375,0.671678748,0.680745405,0.682549528,-0.260457237,-0.264321211,0.694954974,0.694830624,0.017896515,0.976464082,2.353591773,51.17679589,0.00012435,0.00012435,1.699982172,-1.894134097,3.136629644,-2.477510996,3.136629644,-2.477510996,3.988584564,-3.053917663,0,0,0,16,,,,1919
frequency_type_std(Two_Exposures),dolhh,98522,4.186234205,4.173417665,4.500305971,4.442361165,1.01586216,1.30436954,3.609354118,3.529416109,2.26490746,0.428847386,57.11526143,78.55763072,0.079938009,0.079938009,4.727993291,-0.351364055,6.767086639,-1.177630653,6.767086639,-1.177630653,7.748767775,-1.933053765,0,0,0,17,197045,,,2778
frequency_type_std(Two_Exposures),dolocc,,2.64845701,2.64845701,2.768862315,2.680324282,3.303258248,3.303258248,2.513935546,2.419801278,3.89016522,0.036286186,96.37138136,98.18569068,0.094134268,0.094134268,5.301694194,3.032141695,5.957197946,0.599692306,5.957197946,0.599692306,6.457216017,-0.158596293,0,0,0,17,,,,1098
frequency_type_std(Two_Exposures),occ,,2.230543046,2.224088726,2.29690194,2.297517022,-0.307697438,-0.026771581,1.985561737,1.983986077,0.079418881,0.953052699,4.694730058,52.34736503,0.00157566,0.00157566,1.872598777,-1.965762071,2.831588791,-3.192347285,2.831588791,-3.192347285,3.938373965,-3.639114345,0,0,0,17,,,,1098
frequency_type_std(Two_Exposures),pen,,0.708630736,0.708511863,0.70761695,0.721458514,-1.935029835,-1.918553069,0.723086619,0.735240146,-1.653000947,0.233859154,76.61408464,88.30704232,-0.012153527,-0.012153527,-0.757705541,-2.802767297,0.062726885,-3.469995685,0.062726885,-3.469995685,1.367492807,-3.788381788,0,0,0,17,,,,2778
household_age(18_24),dolhh,23691,3.556932457,3.497610631,3.849490961,3.53688497,7.16122145,8.838455133,3.047305852,2.810694064,8.418269014,0.343791296,65.62087041,82.8104352,0.236611788,0.236611788,17.69168659,-0.611532843,21.08521071,-4.107184811,21.08521071,-4.107184811,24.71954903,-6.840326765,0,0,0,21,141215,,,587
household_age(18_24),dolocc,,2.37748449,2.37748449,2.531000496,2.560351831,-1.146378962,-1.146378962,2.274023893,2.332150837,-2.492417894,0.499310259,50.06897415,75.03448707,-0.058126945,-0.058126945,1.027244426,-5.838164373,2.318994821,-7.1181417,2.318994821,-7.1181417,3.080733829,-7.986511518,0,0,0,21,,,,226
household_age(18_24),occ,,2.284594066,2.24569734,2.31794554,2.083356535,9.393124774,11.26014685,2.010818465,1.783093947,12.77131351,0.059201861,94.07981386,97.03990693,0.227724518,0.227724518,18.65919915,6.637924738,22.56098844,3.747238684,22.56098844,3.747238684,24.64086747,0.504672263,0,0,0,21,,,,226
household_age(18_24),pen,,0.65486063,0.655095198,0.65615712,0.662892214,-0.980630854,-1.016016368,0.666405517,0.675544252,-1.352795824,0.775554794,22.44452057,61.22226029,-0.009138734,-0.009138734,2.011818478,-4.479962535,3.985149571,-7.121442624,3.985149571,-7.121442624,6.97079233,-8.322424986,0,0,0,21,,,,587
household_age(25_34),dolhh,89806,3.733778433,3.737720563,3.883117482,4.002538156,-2.885132855,-2.983623628,3.120555048,3.153573445,-1.047015308,0.835678514,16.43214864,58.21607432,-0.033018397,-0.033018397,2.910996484,-3.970233602,5.348483873,-5.702942146,5.348483873,-5.702942146,6.304826317,-8.796541337,0,0,0,22,535523,,,2061
household_age(25_34),dolocc,,2.557771389,2.557771389,2.561632002,2.565431284,-0.148095258,-0.148095258,2.330891961,2.313377744,0.757084145,0.702036246,29.79637541,64.8981877,0.017514216,0.017514216,2.551053716,-1.221208794,3.399436998,-2.020036184,3.399436998,-2.020036184,4.215910347,-2.721023482,0,0,0,22,,,,793
household_age(25_34),occ,,2.205206026,2.207718583,2.21392505,2.244506594,-1.250563819,-1.362506329,1.91871953,1.924528657,-0.301846778,0.915119221,8.488077862,54.24403893,-0.005809128,-0.005809128,1.952849235,-2.396112494,3.085959703,-3.015826441,3.085959703,-3.015826441,4.002088969,-3.453046376,0,0,0,22,,,,793
household_age(25_34),pen,,0.661968993,0.66191463,0.684700864,0.695153032,-1.511398184,-1.503577995,0.697744859,0.708326545,-1.493899334,0.597933235,40.20667652,70.10333826,-0.010581686,-0.010581686,0.714454741,-4.058406737,2.344665612,-5.021454898,2.344665612,-5.021454898,2.854547275,-6.40811355,0,0,0,22,,,,2061
household_age(35_44),dolhh,147512,3.447732081,3.463594666,3.884644325,3.992876638,-2.313362921,-2.710635032,3.09272249,3.195024816,-3.201925859,0.223763196,77.62368044,88.81184022,-0.102302326,-0.102302326,-0.753639089,-5.178749037,0.157850806,-6.044121139,0.157850806,-6.044121139,1.264519533,-7.92251587,0,0,0,23,893723,,,4087
household_age(35_44),dolocc,,2.422892629,2.422892629,2.496926373,2.582917659,-3.329230632,-3.329230632,2.260719251,2.340539662,-3.410342173,0.033509954,96.64900462,98.32450231,-0.079820411,-0.079820411,-2.050784818,-4.598738262,-1.14606687,-5.492171372,-1.14606687,-5.492171372,-0.597945732,-6.343224938,0,0,0,23,,,,1591
household_age(35_44),occ,,2.12561504,2.135702709,2.230953011,2.262204003,-0.935517919,-1.381440062,1.924221129,1.957956254,-1.722976457,0.42680492,57.31950797,78.65975398,-0.033735125,-0.033735125,0.108057835,-3.558722362,0.97640286,-4.267260628,0.97640286,-4.267260628,1.925258346,-4.74651508,0,0,0,23,,,,1591
household_age(35_44),pen,,0.66944473,0.669348575,0.697356899,0.683417,2.025665699,2.039735439,0.710949735,0.697259166,1.963483581,0.099062046,90.09379543,95.04689772,0.013690569,0.013690569,2.824557118,0.798740077,3.362116258,0.466968599,3.362116258,0.466968599,4.420739446,0.12926322,0,0,0,23,,,,4087
household_age(45_54),dolhh,204810,4.257453033,4.233249023,4.166715458,4.397290518,-5.794001278,-5.243571205,3.323683129,3.509926056,-5.306178085,0.00289789,99.71021097,99.85510549,-0.186242927,-0.186242927,-3.696855432,-6.915750832,-3.008522465,-7.561463898,-3.008522465,-7.561463898,-2.041654055,-7.877735677,0,0,0,18,1232896,,,6264
household_age(45_54),dolocc,,2.558030688,2.558030688,2.649645637,2.655040045,-0.20317616,-0.20317616,2.401228864,2.404453871,-0.134126401,0.906813196,9.318680402,54.6593402,-0.003225007,-0.003225007,0.773130584,-1.022021274,1.300218424,-1.552070023,1.300218424,-1.552070023,1.658833001,-1.902240698,0,0,0,18,,,,2489
household_age(45_54),occ,,2.331555248,2.318265127,2.238140561,2.302460447,-3.370742221,-2.793528358,1.929050552,1.990108779,-3.068084898,0.033096903,96.69030973,98.34515487,-0.061058227,-0.061058227,-1.722057036,-4.304727578,-1.188776629,-4.930578378,-1.188776629,-4.930578378,-0.759550446,-5.462279884,0,0,0,18,,,,2489
household_age(45_54),pen,,0.713835931,0.713846821,0.70261706,0.719355237,-2.32531663,-2.326830505,0.717533893,0.733545579,-2.18278002,0.038646124,96.13538755,98.06769378,-0.016011686,-0.016011686,-1.239586693,-3.179378464,-0.529141668,-3.512877152,-0.529141668,-3.512877152,-0.280527523,-3.655353998,0,0,0,18,,,,6264
household_age(55_64),dolhh,261623,4.11054885,4.090141716,4.135002581,4.181575767,-1.601796142,-1.113771177,3.300782695,3.329140985,-0.85182005,0.677266234,32.27337661,66.1366883,-0.02835829,-0.02835829,0.946525794,-2.318040647,1.583101866,-3.412438385,1.583101866,-3.412438385,1.999791254,-4.065722083,0,0,0,19,1639098,,,8013
household_age(55_64),dolocc,,2.681197792,2.681197792,2.702770757,2.694467753,0.308150067,0.308150067,2.445582632,2.439276741,0.258514769,0.767735345,23.22646546,61.61323273,0.006305891,0.006305891,0.937986104,-0.385186859,1.467959559,-0.874743293,1.467959559,-0.874743293,1.818954705,-1.296592555,0,0,0,19,,,,3149
household_age(55_64),occ,,2.201003737,2.1901205,2.227251487,2.225061532,-0.390698525,0.098422229,1.925157115,1.919555847,0.291800245,0.811364285,18.86357151,59.43178576,0.005601269,0.005601269,1.549343517,-0.664695503,2.072716494,-1.348492823,2.072716494,-1.348492823,2.323179265,-1.933324668,0,0,0,19,,,,3149
household_age(55_64),pen,,0.696546606,0.696532814,0.68690601,0.697458072,-1.514908866,-1.512931376,0.70108024,0.710988464,-1.393584323,0.184587162,81.54128376,90.77064188,-0.009908224,-0.009908224,-0.528561575,-2.294336358,-0.043166603,-2.500363942,-0.043166603,-2.500363942,0.243583061,-3.051159433,0,0,0,19,,,,8013
household_age(More_Then_65),dolhh,221617,4.22257962,4.160244086,4.265555789,4.107480154,2.330871923,3.848482016,3.360385269,3.276559517,2.558346701,0.198216754,80.17832461,90.0891623,0.083825752,0.083825752,4.382027882,0.678543159,5.21584981,0.131056702,5.21584981,0.131056702,6.29601791,-0.352332493,0,0,0,20,1464467,,,5594
household_age(More_Then_65),dolocc,,2.892767506,2.892767506,2.895965567,2.721755514,6.400650318,6.400650318,2.615804576,2.460931243,6.293281574,3.09E-10,99.99999997,99.99999998,0.154873332,0.154873332,7.290386378,5.374972917,7.647696674,4.958163154,7.647696674,4.958163154,7.911158555,4.642062806,0,0,0,20,,,,2150
household_age(More_Then_65),occ,,2.210590248,2.178452565,2.209432341,2.212340407,-1.584102907,-0.131447489,1.895168478,1.917317644,-1.155216312,0.499984399,50.00156012,75.00078006,-0.022149166,-0.022149166,0.203941772,-2.603681015,1.237308482,-3.243518046,1.237308482,-3.243518046,2.044278586,-3.592225696,0,0,0,20,,,,2150
household_age(More_Then_65),pen,,0.660322456,0.660172489,0.666655591,0.682214733,-2.302663306,-2.280680975,0.677852632,0.69448571,-2.395020861,0.050374385,94.96256146,97.48128073,-0.016633078,-0.016633078,-1.191150483,-3.48315341,-0.789313828,-4.060602713,-0.789313828,-4.060602713,-0.448811442,-4.315732172,0,0,0,20,,,,5594
household_income(100-150K),dolhh,181413,4.173199386,4.160308321,4.189658794,4.309247681,-3.074317413,-2.775168569,3.370917516,3.421145546,-1.468164084,0.556556827,44.34431725,72.17215863,-0.05022803,-0.05022803,0.857912263,-3.631804273,1.755122824,-4.996279363,1.755122824,-4.996279363,2.307410602,-5.28589827,0,0,0,25,1133799,,,5733
household_income(100-150K),dolocc,,2.672732754,2.672732754,2.701714561,2.707119687,-0.199663348,-0.199663348,2.456042171,2.44615601,0.404150883,0.713471909,28.65280906,64.32640453,0.009886161,0.009886161,1.765151202,-0.523648557,2.242446302,-0.836853475,2.242446302,-0.836853475,2.4960119,-1.093536671,0,0,0,25,,,,2298
household_income(100-150K),occ,,2.174410235,2.167789804,2.174555167,2.247010485,-3.519153534,-3.224520692,1.882571253,1.93472433,-2.695633484,0.054228688,94.57713124,97.28856562,-0.052153077,-0.052153077,-1.331865772,-4.027194882,-0.931494063,-4.594141483,-0.931494063,-4.594141483,-0.646929434,-4.967109072,0,0,0,25,,,,2298
household_income(100-150K),pen,,0.718078817,0.718047043,0.713130091,0.708389102,0.664777961,0.66926339,0.729052942,0.722844291,0.858919593,0.46063739,53.93626104,76.96813052,0.006208651,0.006208651,2.116024925,-0.100025777,2.398633256,-0.427016848,2.398633256,-0.427016848,2.626521549,-0.791084528,0,0,0,25,,,,5733
household_income(150-200K),dolhh,70716,3.969942957,4.000348947,4.469561845,4.25135897,5.84775049,5.13254411,3.644059454,3.304862206,10.26358216,0.011178075,98.88219246,99.44109623,0.339197248,0.339197248,13.7320108,6.582805208,16.18988222,5.463827994,16.18988222,5.463827994,18.08362757,4.739138877,0,0,0,28,439048,,,2053
household_income(150-200K),dolocc,,2.644225837,2.644225837,2.700208339,2.723871272,-0.868724363,-0.868724363,2.457154565,2.455748974,0.057236721,0.962152903,3.784709667,51.89235483,0.00140559,0.00140559,1.8988939,-1.702758162,2.375986403,-3.244531215,2.375986403,-3.244531215,3.013649302,-4.07395078,0,0,0,28,,,,854
household_income(150-200K),occ,,2.192597671,2.209711002,2.216753759,2.262793333,-1.278342222,-2.034634519,1.949726239,1.912629424,1.939571493,0.441055929,55.89440715,77.94720357,0.037096815,0.037096815,4.26381744,-0.8337612,4.937680986,-1.797525976,4.937680986,-1.797525976,5.623409047,-2.128656304,0,0,0,28,,,,854
household_income(150-200K),pen,,0.684741695,0.684642875,0.746707001,0.689930159,8.215037541,8.229360754,0.760639557,0.703764524,8.081543164,0.001084211,99.89157892,99.94578946,0.056875034,0.056875034,9.80661546,5.772134861,10.70071407,4.347769609,10.70071407,4.347769609,12.93452326,4.163713347,0,0,0,28,,,,2053
household_income(200KPlus),dolhh,93743,4.385581071,4.342186332,3.967772234,4.609520904,-14.86365768,-13.92224231,3.15906262,3.68304039,-14.2267723,7.78E-09,99.99999922,99.99999961,-0.52397777,-0.52397777,-12.14946188,-16.13166466,-11.10103106,-17.41234659,-11.10103106,-17.41234659,-10.18060085,-18.2774848,0,0,0,30,576856,,,2877
household_income(200KPlus),dolocc,,2.760176834,2.760176834,2.788594844,2.837698857,-1.730416644,-1.730416644,2.534552756,2.566834574,-1.257650879,0.375063534,62.49364663,81.24682331,-0.032281818,-0.032281818,-0.09355939,-2.40448773,0.679061775,-2.826641137,0.679061775,-2.826641137,1.096738271,-3.205736314,0,0,0,30,,,,1176
household_income(200KPlus),occ,,2.14053509,2.119219167,2.044832872,2.208065267,-8.357919519,-7.392553002,1.762134165,1.904984738,-7.498777833,9.40E-05,99.99059892,99.99529946,-0.142850573,-0.142850573,-5.674757952,-9.297596068,-4.896753947,-10.00109237,-4.896753947,-10.00109237,-4.380047668,-10.44196249,0,0,0,30,,,,1176
household_income(200KPlus),pen,,0.742280216,0.742327929,0.695830556,0.735681648,-5.410408125,-5.416893616,0.70732246,0.753236651,-6.095586406,0.000121429,99.98785705,99.99392853,-0.045914191,-0.045914191,-4.380299665,-7.594819258,-3.801203339,-8.053778268,-3.801203339,-8.053778268,-3.520276815,-8.488008301,0,0,0,30,,,,2877
household_income(25-50K),dolhh,154831,4.014901381,3.92970315,3.871077518,4.334488319,-12.65683495,-10.69124582,3.066770732,3.486228439,-12.03184802,1.68E-06,99.99983207,99.99991603,-0.419457707,-0.419457707,-9.339079589,-13.98039396,-8.625563052,-15.62754709,-8.625563052,-15.62754709,-8.262686257,-16.17511736,0,0,0,31,965983,,,3757
household_income(25-50K),dolocc,,2.692472913,2.692472913,2.584254812,2.790951303,-7.40595115,-7.40595115,2.341177777,2.522515185,-7.188753862,2.35E-09,99.99999976,99.99999988,-0.181337408,-0.181337408,-6.088851249,-8.252426333,-5.476399908,-8.720919756,-5.476399908,-8.720919756,-5.046928717,-8.988295477,0,0,0,31,,,,1420
household_income(25-50K),occ,,2.349274312,2.299516672,2.28430795,2.317860497,-3.594270959,-1.4475654,1.962505902,2.015355667,-2.622354249,0.174367246,82.56327538,91.28163769,-0.052849765,-0.052849765,-0.911130817,-4.053111663,-0.300920131,-5.53686883,-0.300920131,-5.53686883,0.083696095,-6.14732358,0,0,0,31,,,,1420
household_income(25-50K),pen,,0.634731146,0.634705589,0.655755411,0.670070313,-2.140142212,-2.136328212,0.667474802,0.685762262,-2.666734699,0.041628668,95.83713324,97.91856662,-0.01828746,-0.01828746,-1.425413338,-3.694754736,-0.800608669,-4.063754918,-0.800608669,-4.063754918,-0.44355007,-4.726431987,0,0,0,31,,,,3757
household_income(50-75K),dolhh,192910,4.181368734,4.122177848,4.348317226,4.330973443,-0.966228568,0.400459238,3.412194719,3.489084404,-2.203720976,0.396106266,60.38937344,80.19468672,-0.076889685,-0.076889685,0.135839192,-4.314555903,0.988462856,-5.853154237,0.988462856,-5.853154237,1.463881654,-6.721288599,0,0,0,26,1200534,,,5364
household_income(50-75K),dolocc,,2.664977771,2.664977771,2.744829141,2.643808214,3.821038419,3.821038419,2.465844571,2.406499749,2.466022351,0.07424836,92.57516399,96.287582,0.059344822,0.059344822,3.813768108,1.360691928,4.239810583,0.627370805,4.239810583,0.627370805,4.505104765,-0.136236003,0,0,0,26,,,,2080
household_income(50-75K),occ,,2.319619807,2.286721011,2.303028842,2.328832545,-2.520683511,-1.108010204,1.971715189,2.025133514,-2.637768061,0.059012879,94.09871215,97.04935607,-0.053418325,-0.053418325,-1.369841109,-4.167023096,-1.032404944,-4.722716076,-1.032404944,-4.722716076,-0.810853212,-5.069666768,0,0,0,26,,,,2080
household_income(50-75K),pen,,0.676406961,0.67642562,0.687870251,0.703399781,-2.205128818,-2.207781602,0.701815407,0.715899412,-1.967316196,0.113554711,88.64452885,94.32226443,-0.014084005,-0.014084005,-0.992327792,-2.927472706,-0.136887124,-3.589175732,-0.136887124,-3.589175732,0.127410052,-3.894893831,0,0,0,26,,,,5364
household_income(75-100K),dolhh,162258,3.839325,3.815023477,4.059253449,4.115166532,-1.949243253,-1.358707667,3.229133323,3.267477132,-1.17349892,0.614437612,38.5562388,69.2781194,-0.038343809,-0.038343809,0.899712166,-3.407333876,1.769380764,-4.260046723,1.769380764,-4.260046723,2.296360861,-4.731932926,0,0,0,27,1024098,,,4844
household_income(75-100K),dolocc,,2.575078815,2.575078815,2.650564937,2.614648228,1.373672704,1.373672704,2.397813383,2.362579284,1.491340402,0.174287816,82.57121841,91.28560921,0.035234099,0.035234099,2.415609652,0.612045738,3.069312226,0.165862628,3.069312226,0.165862628,3.390750212,-0.41386147,0,0,0,27,,,,1882
household_income(75-100K),occ,,2.185279189,2.171300426,2.244572643,2.311778718,-3.511791051,-2.907115381,1.937604675,1.996078414,-2.929430966,0.112466517,88.75334828,94.37667414,-0.058473739,-0.058473739,-1.372719529,-4.156308454,-0.863103116,-6.056377523,-0.863103116,-6.056377523,-0.49832402,-6.729241492,0,0,0,27,,,,1882
household_income(75-100K),pen,,0.6822718,0.682318524,0.682297931,0.680894459,0.212983919,0.206121765,0.695031448,0.692934088,0.302678243,0.818405675,18.15943248,59.07971624,0.002097361,0.002097361,1.652632005,-1.003278549,2.210518583,-1.66633931,2.210518583,-1.66633931,2.55712967,-1.95239004,0,0,0,27,,,,4844
household_income(Less_than_25K),dolhh,93188,3.265667329,3.320458059,3.626970454,3.902371378,-5.65323421,-7.057271017,2.871198277,3.108855855,-7.644535115,0.006311574,99.36884257,99.68442129,-0.237657577,-0.237657577,-5.387221971,-9.724287105,-3.722402378,-10.91236756,-3.722402378,-10.91236756,-2.291666451,-11.96821475,0,0,0,29,566603,,,1978
household_income(Less_than_25K),dolocc,,2.399894491,2.399894491,2.581657981,2.600741434,-0.733769726,-0.733769726,2.335434104,2.35723056,-0.924663751,0.533036991,46.69630088,73.34815044,-0.021796457,-0.021796457,0.29684373,-2.142055365,0.76299247,-2.718972148,0.76299247,-2.718972148,1.302430426,-3.398213059,0,0,0,29,,,,688
household_income(Less_than_25K),occ,,2.191846271,2.22992062,2.335570338,2.272606725,4.44590619,2.770545959,2.004143077,1.96404192,2.041766884,0.400339035,59.96609645,79.98304823,0.040101158,0.040101158,4.301151867,-0.024794289,5.11670353,-1.460164481,5.11670353,-1.460164481,5.815323715,-2.495906629,0,0,0,29,,,,688
household_income(Less_than_25K),pen,,0.620825721,0.620465124,0.60152317,0.660408127,-8.971051554,-8.916449436,0.613428043,0.671637084,-8.666740214,1.66E-07,99.99998336,99.99999168,-0.058209041,-0.058209041,-7.165044716,-10.19553612,-6.36150619,-10.60207767,-6.36150619,-10.60207767,-5.566739962,-10.88830749,0,0,0,29,,,,1978
household_presence_children(1_Child),dolhh,189943,4.259949148,4.196980808,4.109417325,4.432638346,-8.712404006,-7.291842829,3.259102552,3.549958145,-8.193211879,0.001465288,99.85347124,99.92673562,-0.290855592,-0.290855592,-5.890522982,-10.51254015,-4.990826393,-11.57010225,-4.990826393,-11.57010225,-4.205416432,-12.0502329,0,0,0,34,1169690,,,6066
household_presence_children(1_Child),dolocc,,2.634844483,2.634844483,2.639546028,2.710841578,-2.63001534,-2.63001534,2.386925813,2.455786291,-2.804009381,0.013002472,98.69975284,99.34987642,-0.068860478,-0.068860478,-1.769675943,-3.877987129,-1.268955629,-4.251092779,-1.268955629,-4.251092779,-0.847647488,-4.495296486,0,0,0,34,,,,2365
household_presence_children(1_Child),occ,,2.318825089,2.284504775,2.270122611,2.360100868,-5.2666635,-3.812475059,1.95395716,2.043093248,-4.362800771,0.015693277,98.43067226,99.21533613,-0.089136088,-0.089136088,-2.944465593,-6.089428817,-2.301840615,-6.861191548,-2.301840615,-6.861191548,-1.579424422,-7.305212423,0,0,0,34,,,,2365
household_presence_children(1_Child),pen,,0.697238624,0.69725263,0.685806652,0.69277591,-1.003968493,-1.005990223,0.698784723,0.707472442,-1.227993955,0.27600693,72.39930703,86.19965352,-0.008687719,-0.008687719,-0.248781601,-2.211153764,0.042816764,-2.663096151,0.042816764,-2.663096151,0.383457313,-3.264428679,0,0,0,34,,,,6066
household_presence_children(2_Children),dolhh,75909,3.749992099,3.732434241,4.018336993,4.229748389,-5.413306728,-4.998202653,3.210122213,3.368566079,-4.703599754,0.064767899,93.52321008,96.76160504,-0.158443866,-0.158443866,-2.651119341,-6.32523152,-1.475310194,-7.671978698,-1.475310194,-7.671978698,-0.742618071,-9.15170572,0,0,0,36,462331,,,2641
household_presence_children(2_Children),dolocc,,2.590975769,2.590975769,2.627784899,2.665298252,-1.407473004,-1.407473004,2.376514993,2.418551237,-1.738075402,0.23070317,76.929683,88.4648415,-0.042036244,-0.042036244,-0.529063853,-2.912674649,-0.106867431,-3.578176215,-0.106867431,-3.578176215,0.301830422,-4.243978885,0,0,0,36,,,,1022
household_presence_children(2_Children),occ,,2.149154226,2.139135547,2.22385857,2.256226318,-1.878642553,-1.434596693,1.925446844,1.940912496,-0.796823779,0.704444624,29.55553758,64.77776879,-0.015465652,-0.015465652,1.139336432,-2.677539404,1.863976464,-3.40620451,1.863976464,-3.40620451,2.449364954,-4.004464147,0,0,0,36,,,,1022
household_presence_children(2_Children),pen,,0.673440792,0.673427788,0.687621391,0.703414969,-2.247120501,-2.245271764,0.701532908,0.717649051,-2.245685816,0.111948448,88.80515521,94.40257761,-0.016116143,-0.016116143,-1.222790127,-3.465769966,-0.727168805,-3.967448578,-0.727168805,-3.967448578,-0.289297081,-4.407938302,0,0,0,36,,,,2641
household_presence_children(Morethan_3_Child),dolhh,76318,4.073571132,4.015823032,4.372166851,4.522148919,-4.593616265,-3.316610542,3.514628811,3.610716504,-2.661180753,0.311241968,68.8758032,84.4379016,-0.096087693,-0.096087693,-0.704365506,-4.559562504,0.14549936,-5.881446693,0.14549936,-5.881446693,1.179699631,-6.720104277,0,0,0,32,452633,,,2570
household_presence_children(Morethan_3_Child),dolocc,,2.40632625,2.40632625,2.585477042,2.562543264,0.894961608,0.894961608,2.352374909,2.31026532,1.822716597,0.298414824,70.15851755,85.07925878,0.042109589,0.042109589,3.685333871,0.134723354,4.263510474,-0.474839546,4.263510474,-0.474839546,4.721173634,-0.90014281,0,0,0,32,,,,1056
household_presence_children(Morethan_3_Child),occ,,2.27947726,2.246762293,2.287872872,2.433844327,-7.341735883,-5.997567438,1.976298451,2.109287016,-6.304906065,0.000904864,99.90951359,99.9547568,-0.132988565,-0.132988565,-4.798345404,-7.79378574,-4.062181742,-8.852483446,-4.062181742,-8.852483446,-3.436609964,-9.796525041,0,0,0,32,,,,1056
household_presence_children(Morethan_3_Child),pen,,0.742652302,0.742785399,0.739135655,0.72511455,1.951995255,1.933639929,0.75599667,0.741013227,2.022020901,0.100768032,89.9231968,94.9615984,0.014983442,0.014983442,3.12779773,1.062167072,3.539916042,0.690277623,3.539916042,0.690277623,4.040392535,-0.351986012,0,0,0,32,,,,2570
household_presence_children(No_Children),dolhh,606890,3.98121811,3.949628132,4.088776844,4.062558617,-0.132225814,0.645362421,3.262158638,3.22873018,1.035343811,0.43943939,56.05606098,78.02803049,0.033428458,0.033428458,2.18231923,-0.18580478,3.027781753,-0.620282384,3.027781753,-0.620282384,3.69362774,-0.921699175,0,0,0,33,3822269,,,15329
household_presence_children(No_Children),dolocc,,2.698516348,2.698516348,2.730267978,2.675829226,2.03446286,2.03446286,2.47053332,2.422936923,1.964409252,8.88E-05,99.99111508,99.99555754,0.047596397,0.047596397,2.416938855,1.516529841,2.620123064,1.324517512,2.620123064,1.324517512,2.81349248,1.17505729,0,0,0,33,,,,5955
household_presence_children(No_Children),occ,,2.194516218,2.176940875,2.203434659,2.241685663,-2.490373557,-1.706350004,1.905687666,1.929681217,-1.24339455,0.272523826,72.74761739,86.37380869,-0.023993551,-0.023993551,-0.435873922,-2.233757162,0.465122654,-2.526137111,0.465122654,-2.526137111,1.127265837,-2.760635857,0,0,0,33,,,,5955
household_presence_children(No_Children),pen,,0.67228299,0.672333263,0.679654124,0.677295842,0.355613521,0.348190837,0.692887121,0.690577452,0.334454832,0.633738109,36.62618915,68.31309457,0.00230967,0.00230967,0.955447652,-0.308952459,1.116865371,-0.700483569,1.116865371,-0.700483569,1.240833302,-1.09267667,0,0,0,33,,,,15329
