"MODEL_DESC","Model","TIME_AGG_PERIOD","START_WEEK","END_WEEK","dependent_variable","CNT_EXPSD_HH","UDJ_AVG_EXPSD_HH_PRE","UDJ_AVG_CNTRL_HH_PRE","UDJ_AVG_EXPSD_HH_PST","UDJ_AVG_CNTRL_HH_PST","UDJ_DOD_EFFCT","UDJ_DIFF_EFFCT","ADJ_MEAN_EXPSD_GRP","ADJ_MEAN_CNTRL_GRP","ADJ_DOD_EFFCT","TWOTAIL_PVAL","ONETAIL_PVAL","ABS_DIFF","DOL_DIFF","ONETAIL_80_PCT_INTRVL_UB","ONETAIL_80_PCT_INTRVL_LB","ONETAIL_90_PCT_INTRVL_UB","ONETAIL_90_PCT_INTRVL_LB","TWOTAIL_80_PCT_INTRVL_UB","TWOTAIL_80_PCT_INTRVL_LB","TWOTAIL_90_PCT_INTRVL_UB","TWOTAIL_90_PCT_INTRVL_LB","CNT_Model_HH","CNT_IMPRESSIONS"
"Total Campaign","","","","","pen","",0.05355425631323913,0.05355425631323913,0.05069176315569066,0.05022778292149698,0.9237521690313416,0.9237521690313416,0.0506014580966104,0.0503185888270869,0.5621566027925397,28.208814793462857,64.10440739673142,0.00028286926952349883,0.00028286926952349883,1.8805351125492746,-0.8119092230528033,2.513557058496849,-1.736824620895025,2.513557058496849,-1.736824620895025,2.7125653983156925,-2.1204663249875058,"36831",""
"Total Campaign","","","","","occ","",1.4822497008376547,1.451503789389709,1.4804045512010113,1.46947457787858,-1.3485049978967294,0.7438014571310542,1.4763160408161287,1.4735968374164579,0.1845283140291049,11.081363318490379,55.540681659245195,0.0027192033996708,0.0027192033996708,1.386043408450284,-0.8562681269972989,2.0848222823463414,-1.391607495911269,2.0848222823463414,-1.391607495911269,2.24969204125204,-1.8387219277661557,"2373",""
"Total Campaign","","","","","dolocc","",6.63190443425077,6.631904434250766,7.492813035538706,7.293566554513692,2.7318113783674747,2.731811378367536,7.490570110040238,7.297080109113503,2.6516085616914142,99.90786502647127,99.95393251323564,0.19349000092673485,0.19349000092673485,3.337843621926357,1.7916540778531054,3.69378351775579,1.6711262957049253,3.69378351775579,1.6711262957049253,3.8128804846008757,1.5893508260340545,"2373",""
"Total Campaign","","","","","dolhh","4985449",0.5264457495216307,0.515525825309271,0.5622930357921935,0.5383268431361211,2.536262302521804,4.762451588260178,0.5595736339872217,0.5410734796153204,3.425883651757257,89.2870152733006,94.6435076366503,0.018500154371901334,0.018500154371901334,5.4812936734415985,1.5184542755425603,5.908759914085258,0.6095679801524708,5.908759914085258,0.6095679801524708,6.088900192345113,0.24975877220781445,"36831","18420000"
"ad_size(30)","","","","","pen","",0.050518556588869674,0.050518556588869674,0.05320820196281412,0.047440666752251504,12.157365411161486,12.157365411161486,0.053251904086227625,0.047413040062458625,12.314890620971129,99.12179162941688,99.56089581470845,0.005838864023769,0.005838864023769,17.15145385381296,9.0216195886808,18.112345569850326,6.66173840347164,18.112345569850326,6.66173840347164,18.936636166551107,4.910104329396372,"6728",""
"ad_size(30)","","","","","occ","",1.4282407407407407,1.419259259259259,1.4153846153846157,1.5253146846386851,-7.795870054428722,-7.207041954107297,1.419737132721993,1.520117857602015,-6.603483037714751,92.7393353628196,96.3696676814098,-0.10038072488002192,-0.10038072488002192,-3.8467665949982695,-9.73292770389602,-1.798973632723034,-11.48819826147113,-1.798973632723034,-11.48819826147113,-0.8165465554961486,-12.08299896182221,"455",""
"ad_size(30)","","","","","dolocc","",6.548344843107,6.548344843106996,7.3870694924123566,7.332238443693845,0.747807768931266,0.7478077689313267,7.399339669764693,7.320689542704407,1.0743540837442835,30.13174759511148,65.06587379755574,0.07865012706028551,0.07865012706028551,2.8409506180337782,-1.058153579825216,4.999585629985781,-2.6825609209790815,4.999585629985781,-2.6825609209790815,6.6633502091237515,-3.4055574576915437,"455",""
"ad_size(30)","","","","","dolhh","901620",0.4724805035041648,0.46950931330384654,0.5563207240436461,0.530575039727988,2.648408969742872,3.5950388557786304,0.5594174981705969,0.527627050710564,6.024664132815724,66.26601457865692,83.13300728932846,0.0317904474600329,0.0317904474600329,11.741066145221572,-0.18047905713341386,15.506888331540186,-2.3149951729002183,15.506888331540186,-2.3149951729002183,17.593758845354735,-2.560315891222947,"6728","1455684"
"audience(BHV_ACA_Good_Intenders)","","","","","pen","",0.05106886766282251,0.05106886766282251,0.05306374530590151,0.05134017102228124,3.3571650606154897,3.3571650606154897,0.053339378805329636,0.051063088328995684,4.457800244411348,48.71988364341908,74.35994182170954,0.0022762904763339517,0.0022762904763339517,10.190753173406017,-0.6098335567889347,15.066957570108292,-3.373659527455038,15.066957570108292,-3.373659527455038,17.643916488778956,-4.638109921446595,"1972",""
"audience(BHV_ACA_Good_Intenders)","","","","","occ","",1.5078125,1.5209375,1.4436090225563907,1.5999364403680447,-8.950506670046977,-9.770851758066899,1.4253769358917787,1.6211479321083062,-12.076072290449577,99.67944013082682,99.8397200654134,-0.1957709962165275,-0.1957709962165275,-9.221726264441104,-14.71586703205886,-6.926580908106018,-16.154558319290185,-6.926580908106018,-16.154558319290185,-6.374615386189057,-17.34767940568884,"133",""
"audience(BHV_ACA_Good_Intenders)","","","","","dolocc","",6.781110677083334,6.7811106770833325,7.084871553884713,7.278391826543064,-2.6588328475614276,-2.6588328475614027,7.137739849049646,7.224779830945998,-1.204742344168498,16.99991617158778,58.49995808579389,-0.08703998189635165,-0.08703998189635165,1.8238376907634226,-4.093996500230696,3.7465855177031147,-6.103500209853983,3.7465855177031147,-6.103500209853983,5.825548111943842,-8.022173955207144,"133",""
"audience(BHV_ACA_Good_Intenders)","","","","","dolhh","279728",0.5221609628793739,0.5267061982039196,0.5427245516901509,0.5978544592526751,-8.542869998643067,-10.796899305129987,0.5426732267282348,0.5980731990980791,-9.17092636215271,69.84234442173049,84.92117221086524,-0.055399972369844286,-0.055399972369844286,-4.6589880035026905,-14.452734193291757,2.855969197567902,-17.30160147246217,2.855969197567902,-17.30160147246217,6.058177408436227,-21.095856573770476,"1972","1091342"
"audience(BHV_Amazon_High_indexing_Segments)","","","","","pen","",0.06238181122989766,0.06238181122989766,0.0571729920019539,0.054563621607764956,4.782252932084712,4.782252932084712,0.05692371356944088,0.05481455815893124,3.8478015354867527,63.27890818993356,81.63945409496678,0.0021091554105096347,0.0021091554105096347,8.523031274564005,-0.07183946652375003,9.608187853047877,-1.5960069974238618,9.608187853047877,-1.5960069974238618,10.03862576839638,-2.277207201281942,"6344",""
"audience(BHV_Amazon_High_indexing_Segments)","","","","","occ","",1.4850894632206757,1.4410337972166998,1.4663774403470717,1.5469302357598502,-8.055208860504747,-5.207267499895433,1.4611368608964688,1.5528062596400267,-5.903466589889253,96.53892164028193,98.26946082014096,-0.09166939874355795,-0.09166939874355795,-3.865016750140805,-8.360376400566743,-2.0043390090493682,-9.441580296781767,-2.0043390090493682,-9.441580296781767,-1.6394073578637152,-10.07623819063124,"461",""
"audience(BHV_Amazon_High_indexing_Segments)","","","","","dolocc","",6.695839455331509,6.695839455331505,7.623920692828507,7.489121854623147,1.7999284939147093,1.799928493914757,7.618388776218068,7.496207040228627,1.6299141063440377,51.02626730989965,75.51313365494983,0.12218173598944126,0.12218173598944126,3.725794211322763,-0.6839212503578764,4.30293241141923,-0.8421319749990422,4.30293241141923,-0.8421319749990422,5.25834329958774,-1.4050399804905018,"461",""
"audience(BHV_Amazon_High_indexing_Segments)","","","","","dolhh","862852",0.6203197791597587,0.6019177894593832,0.6391680546489367,0.6321276882811306,-1.5674616980446476,1.9761062787871393,0.6336468106470837,0.6380500746749604,-0.672959156318852,5.735069467887966,52.86753473394399,-0.004403264027876719,-0.004403264027876719,3.421239432430184,-5.649787311989302,6.700414855130211,-7.782203325506183,6.700414855130211,-7.782203325506183,8.128499939995795,-8.097029983292328,"6344","1965963"
"audience(BHV_DLX_Competitive_Conquesting)","","","","","pen","",0.043155929637802605,0.043155929637802605,0.0462384960405028,0.0413063897961825,11.940298507462686,11.940298507462686,0.04566481213016383,0.041890905602757,9.00889220012101,97.77412935108842,98.88706467554421,0.003773906527406827,0.003773906527406827,12.151122156330588,6.571636380239313,12.91820070137622,3.2033928086659835,12.91820070137622,3.2033928086659835,13.881320329754725,1.5646430260457063,"4339",""
"audience(BHV_DLX_Competitive_Conquesting)","","","","","occ","",1.403361344537815,1.3826890756302521,1.3411764705882354,1.462999985666894,-9.739971659758167,-8.326966252369893,1.344706672682987,1.4587896125424147,-7.820383342365665,96.85956498339962,98.42978249169981,-0.11408293985942763,-0.11408293985942763,-3.983414710982898,-10.198392669431474,-3.067121072772932,-12.119055881617427,-3.067121072772932,-12.119055881617427,-2.5323007598020113,-13.176294870959623,"255",""
"audience(BHV_DLX_Competitive_Conquesting)","","","","","dolocc","",6.723412815126053,6.72341281512605,7.58609346405229,7.383044689363632,2.750203787621347,2.7502037876213836,7.601598355361476,7.368780136193623,3.159521859314382,79.24735897329866,89.62367948664932,0.2328182191678536,0.2328182191678536,5.532903502596183,0.6435419839649905,6.266484804489069,-0.09699739826525404,6.266484804489069,-0.09699739826525404,6.4785973321179275,-0.5911122834054667,"255",""
"audience(BHV_DLX_Competitive_Conquesting)","","","","","dolhh","641308",0.407192493888279,0.4011943290082479,0.4704438705465074,0.4461666022537157,-0.019132740327217995,2.499999991831366,0.46678205784848975,0.4503062864166888,3.7178806483221747,57.36426425652754,78.68213212826377,0.016475771431800956,0.016475771431800956,7.0612520131492555,-0.09886444801509127,8.822916601975818,-0.4711765254580829,8.822916601975818,-0.4711765254580829,9.39409490093299,-3.5082987461968402,"4339","1698263"
"audience(BHV_DLX_Lapsed_Purchasers)","","","","","pen","",0.061514960423280786,0.061514960423280786,0.04588132407261275,0.04985090825904324,-7.962912462503404,-7.962912462503404,0.04581792637133104,0.049924125260833965,-8.224878989966571,67.09856374299731,83.54928187149866,-0.004106198889502928,-0.004106198889502928,-2.3027953384259883,-14.760730343384415,4.338979121320326,-17.310396280077985,4.338979121320326,-17.310396280077985,5.604946804513597,-17.54725740623555,"2315",""
"audience(BHV_DLX_Lapsed_Purchasers)","","","","","occ","",1.4917127071823209,1.4735911602209948,1.377777777777778,1.5938886718909624,-14.695658812645998,-13.558719496813671,1.3847298978565397,1.5863825130782556,-12.711474915997673,99.39276564422471,99.69638282211235,-0.20165261522171596,-0.20165261522171596,-8.163979545315483,-16.927069298192546,-6.9164232249460085,-18.24876593944498,-6.9164232249460085,-18.24876593944498,-6.020933893207676,-20.00803661277561,"135",""
"audience(BHV_DLX_Lapsed_Purchasers)","","","","","dolocc","",6.819160922564238,6.819160922564237,7.431956790123458,7.3292085267402625,1.4019012149582368,1.401901214958249,7.4543262438287385,7.308947828143243,1.9890471118936361,42.74971366141098,71.3748568307055,0.1453784156854958,0.1453784156854958,5.01122245857049,-1.5100317018377805,5.942417022361677,-1.860395492548532,5.942417022361677,-1.860395492548532,6.29689229534573,-1.986315355401812,"135",""
"audience(BHV_DLX_Lapsed_Purchasers)","","","","","dolhh","295435",0.6257442643829334,0.6181426303563555,0.4698057136631371,0.582355441098061,-20.470355620918014,-18.256957193347326,0.47294310165343667,0.5788595997372878,-18.272939512119557,96.2494169162783,98.12470845813915,-0.10591649808385117,-0.10591649808385117,-11.764008640026297,-23.621107734470304,-6.867126558247026,-28.939323460425072,-6.867126558247026,-28.939323460425072,-3.775659962063975,-29.527398651490678,"2315","968827"
"audience(BHV_Foodies)","","","","","pen","",0.05220053516412355,0.05220053516412355,0.04812708299813703,0.05097548214235278,-5.587782644725917,-5.587782644725917,0.04844287742254978,0.05065881764516188,-4.374243864382265,59.93840369666589,79.96920184833294,-0.002215940222612095,-0.002215940222612095,0.48031929398735196,-9.340056147451781,1.9614295573307086,-10.174879676801943,1.9614295573307086,-10.174879676801943,3.161604473107269,-10.729067442253866,"5215",""
"audience(BHV_Foodies)","","","","","occ","",1.4653179190751446,1.477456647398844,1.4294670846394981,1.489335894492469,-3.2047895780781475,-4.019832602864435,1.431805914110835,1.4868644613595727,-3.702997057202697,84.4787752743908,92.23938763719539,-0.05505854724873771,-0.05505854724873771,-1.1553405401963885,-5.69068436784491,-0.5346745878477173,-7.089719062866435,-0.5346745878477173,-7.089719062866435,-0.42012207554130443,-7.820824382573431,"319",""
"audience(BHV_Foodies)","","","","","dolocc","",6.731842164418758,6.731842164418754,7.59131997313032,7.262709554721252,4.524625636384485,4.524625636384546,7.608044431035937,7.235494185286054,5.148926061021419,93.64600824205445,96.82300412102722,0.37255024574988305,0.37255024574988305,7.21226347398529,2.592093198698251,8.126294831104167,1.6636972592108525,8.126294831104167,1.6636972592108525,8.849948187025888,0.23870355665987947,"319",""
"audience(BHV_Foodies)","","","","","dolhh","689017",0.5149211623031705,0.5191867813991727,0.5222530639623503,0.5513821153840687,-2.2900816605499217,-4.790508490678803,0.5277000359244101,0.5449976496635058,-3.129897824655253,38.57837826872269,69.28918913436135,-0.017297613739095774,-0.017297613739095774,1.4367146603495597,-6.6824131641097875,4.6233511713677515,-9.053498246790312,4.6233511713677515,-9.053498246790312,6.643901032905379,-11.53704398038783,"5215","2023657"
"audience(BHV_Head_of_Household_Grocery_Shopper)","","","","","pen","",0.05417758835354736,0.05417758835354736,0.05032251218099507,0.051550629304536716,-2.3823513701190917,-2.3823513701190917,0.050273599897716854,0.05159742806350943,-2.565686344216846,70.34239464309928,85.17119732154964,-0.0013238281657925732,-0.0013238281657925732,-0.7992590590555194,-5.078108383778064,-0.21899457802900504,-5.188505811658282,-0.21899457802900504,-5.188505811658282,0.09290009665922765,-5.988610842965955,"11429",""
"audience(BHV_Head_of_Household_Grocery_Shopper)","","","","","occ","",1.526048284625159,1.5177128335451082,1.5690834473324216,1.5255749799427645,2.3055580205520827,2.851938971317516,1.5580056379651444,1.536282330164403,1.414017942809808,57.83298980823726,78.91649490411862,0.021723307800741276,0.021723307800741276,2.905184610836942,0.29031196497130934,3.212905520367048,-1.4779489360544789,3.212905520367048,-1.4779489360544789,3.642079284712178,-1.870819664310904,"731",""
"audience(BHV_Head_of_Household_Grocery_Shopper)","","","","","dolocc","",6.72784262116537,6.727842621165365,7.5357404892189495,7.198352288695141,4.687019848329243,4.687019848329305,7.5269720167011736,7.208071013386279,4.424221164340027,97.87809197734387,98.93904598867194,0.31890100331489446,0.31890100331489446,5.840646947030518,2.690483281740455,6.888604611689436,2.23484498489661,6.888604611689436,2.23484498489661,7.170664211490029,1.6463493852666111,"731",""
"audience(BHV_Head_of_Household_Grocery_Shopper)","","","","","dolhh","1550840",0.5562419872075923,0.5532037295588977,0.5950237336088707,0.5661097387396008,4.98611845314328,4.756641152346159,0.5895617656817368,0.5713709373551105,3.18735507710938,65.58960837750148,82.79480418875073,0.01819082832662633,0.01819082832662633,6.093905997376014,0.404951581981437,7.764381501918867,-1.5836250573629318,7.764381501918867,-1.5836250573629318,8.673004723116119,-2.278510251973613,"11429","3994230"
"audience(BHV_Health_and_Fitness_Enthusiasts)","","","","","pen","",0.04581431787650419,0.04581431787650419,0.04617506053694909,0.05008551097617198,-7.807548256986477,-7.807548256986477,0.04611831264410898,0.05014566451369171,-8.031306212889257,84.03110715349084,92.01555357674542,-0.004027351869582724,-0.004027351869582724,-1.3899396135699684,-13.263681720486566,-0.12062820180794437,-14.34523460561852,-0.12062820180794437,-14.34523460561852,0.4117600629039639,-15.797703207563844,"2181",""
"audience(BHV_Health_and_Fitness_Enthusiasts)","","","","","occ","",1.6299212598425197,1.617322834645669,1.5234375,1.5884455167091116,-4.885684846575334,-4.092555647976711,1.5093915573886494,1.602471207981022,-5.80850689415163,72.35806148947927,86.17903074473962,-0.09307965059237255,-0.09307965059237255,-2.610405675607438,-10.09852453102376,1.4078525799832717,-10.829354682282577,1.4078525799832717,-10.829354682282577,3.907574552709315,-12.435796238167091,"128",""
"audience(BHV_Health_and_Fitness_Enthusiasts)","","","","","dolocc","",6.213249343832021,6.213249343832021,7.394050595238098,7.410136973142738,-0.21708610735460102,-0.21708610735460102,7.411841245552865,7.396672376444245,0.20507693644681665,7.274860611221445,53.63743030561072,0.015168869108619809,0.015168869108619809,2.7077157798350093,-1.7569963335145846,4.750843019882294,-4.181020569595226,4.750843019882294,-4.181020569595226,5.210350037541091,-4.62792595113313,"128",""
"audience(BHV_Health_and_Fitness_Enthusiasts)","","","","","dolhh","297069",0.46396650834842806,0.4603802937911454,0.5201331492221469,0.5895364580575154,-13.13868705958456,-13.412716503403226,0.5159426550305544,0.5943742807617152,-13.250718519407787,86.45997120604892,93.22998560302447,-0.0784316257311608,-0.0784316257311608,-4.910100175829458,-19.9616562758519,-2.0253647973933835,-23.661459209911754,-2.0253647973933835,-23.661459209911754,-1.0994450148281545,-25.394158133790945,"2181","1205653"
"audience(CTX_Foodies_and_Recipes)","","","","","pen","",0.050390551189135095,0.050390551189135095,0.04970340730928324,0.051993886908789394,-4.405286343612352,-4.405286343612352,0.04928531593551978,0.05241041798430122,-5.962749714603523,77.05711056487044,88.52855528243522,-0.003125102048781435,-0.003125102048781435,-0.24766652455230154,-10.203618960805239,0.7052768558719396,-11.473287323735553,0.7052768558719396,-11.473287323735553,1.6451162744843064,-12.260104916455965,"3435",""
"audience(CTX_Foodies_and_Recipes)","","","","","occ","",1.5363636363636366,1.5263636363636366,1.4516129032258065,1.5893095248605167,-9.293131345681237,-8.66392728922926,1.4382575197687806,1.6034955263555506,-10.304862337990148,99.83686640381816,99.91843320190908,-0.16523800658677001,-0.16523800658677001,-7.901731823448162,-13.007333368104202,-5.793052516151515,-14.10239139841534,-5.793052516151515,-14.10239139841534,-4.705879960320629,-14.694125139597475,"217",""
"audience(CTX_Foodies_and_Recipes)","","","","","dolocc","",6.310911363636365,6.3109113636363645,7.600541310072419,7.197999333541293,5.5924147513512175,5.59241475135123,7.641711679975077,7.162009024005102,6.697878407610802,98.43845903398255,99.21922951699128,0.47970265596997486,0.47970265596997486,8.291237996623812,5.0560539810939025,9.813677980748595,3.556537496136652,9.813677980748595,3.556537496136652,10.533394639668927,3.4019649136781114,"217",""
"audience(CTX_Foodies_and_Recipes)","","","","","dolhh","461654",0.48857946416527953,0.4853993611440853,0.5483798717016233,0.5948022099985493,-10.860943460641206,-10.918277123942431,0.541682551008888,0.6018943128470879,-9.986499356968572,89.9,95.10462377346182,-0.060211761838199984,-0.060211761838199984,-4.57550479063057,-15.704089428420021,-2.0441723017730165,-16.230956849721707,-2.0441723017730165,-16.230956849721707,0.16055451901498435,-16.46008364178079,"3435","1857389"
"audience(CTX_Programmatic_Audio_Channels)","","","","","pen","",0.04937948174249117,0.04937948174249117,0.045099926658141935,0.0486684172053993,-7.332251082251086,-7.332251082251086,0.045001878800157886,0.0487799816664157,-7.745191238681796,90.49432485264586,95.24716242632293,-0.003778102866257814,-0.003778102866257814,-4.327267565072878,-11.253494072059732,-1.7047778873108252,-13.097104577689223,-1.7047778873108252,-13.097104577689223,-0.26143985326783636,-13.644188552460268,"2390",""
"audience(CTX_Programmatic_Audio_Channels)","","","","","occ","",1.4066666666666665,1.421066666666667,1.4306569343065692,1.4339747676110415,0.7728285703374431,-0.23137319982273735,1.423785060238665,1.4404063272724557,-1.1539290489833212,14.502886985911555,57.25144349295578,-0.016621267033790632,-0.016621267033790632,2.932638878333806,-5.131677654853888,7.575629808465253,-6.545397904416908,7.575629808465253,-6.545397904416908,8.11559455528527,-7.558439001263722,"137",""
"audience(CTX_Programmatic_Audio_Channels)","","","","","dolocc","",6.447211111111111,6.447211111111109,7.354233055265903,7.299225581770873,0.7536069803405426,0.753606980340567,7.3845334541797945,7.272673692722335,1.538083051483476,37.41447522286193,68.70723761143095,0.11185976145745968,0.11185976145745968,4.471930234838135,-2.304980168818789,5.001760218847286,-2.820885096797706,5.001760218847286,-2.820885096797706,7.064340044190387,-3.1696046906210347,"137",""
"audience(CTX_Programmatic_Audio_Channels)","","","","","dolhh","326603",0.4478263203138768,0.4524107034981326,0.47451367005983613,0.5094077143480269,-2.156045728707304,-5.186063307776625,0.47314923208330434,0.5109998297559823,-7.408769262499451,64.62426332766722,82.31213166383361,-0.03785059767267801,-0.03785059767267801,-2.471613791615565,-13.583322854831312,4.586640972703422,-15.878605236287575,4.586640972703422,-15.878605236287575,5.4241368354360935,-17.927380072577783,"2390","1319587"
"ad_size(300x250)","","","","","pen","",0.05574694450815644,0.05574694450815644,0.05357145399076498,0.05132797939470502,4.370860927152319,4.370860927152319,0.05327840282769506,0.051620253011256875,3.2122078442284825,77.71954022610224,88.85977011305111,0.0016581498164381855,0.0016581498164381855,5.076958170467663,0.6829802437509439,6.508637228796192,-0.15052748761520893,6.508637228796192,-0.15052748761520893,6.60735142842257,-1.0875577374494823,"11573",""
"ad_size(300x250)","","","","","occ","",1.5048780487804883,1.483560975609756,1.5215736040609134,1.510378006255093,-0.6701286249531412,0.7412447585607507,1.5083709240271572,1.5243390442729023,-1.047543871931837,35.92167127193571,67.96083563596785,-0.01596812024574512,-0.01596812024574512,0.6652324188159456,-2.5819862897931523,1.215364774665462,-3.2625830833122103,1.215364774665462,-3.2625830833122103,2.2709861115878187,-4.1545733391814474,"788",""
"ad_size(300x250)","","","","","dolocc","",6.542449535423934,6.542449535423929,7.528713063374873,7.385346821141614,1.941225587711708,1.94122558771178,7.533029621866799,7.382917035223215,2.0332422256326357,86.75812330683411,93.37906165341705,0.1501125866435835,0.1501125866435835,3.075213750741333,0.8153528361424283,3.6903438345709008,0.304202081116518,3.6903438345709008,0.304202081116518,4.0328483397007115,0.012112075646270183,"788",""
"ad_size(300x250)","","","","","dolhh","1570747",0.5488614864136414,0.5410866899934541,0.6136873127863268,0.5725464361765278,4.487462348213005,5.708746773435515,0.6053813318911582,0.580937873566798,4.200052523098284,69.95907637727883,84.97953818863941,0.024443458324360123,0.024443458324360123,9.758527540302074,1.0899784797172622,10.749427856607072,0.3941832647973929,10.749427856607072,0.3941832647973929,11.146981612849046,-1.2084424955341468,"11573","3598670"
"audience(RTG_Recipes)","","","","","pen","",0.04724551037399697,0.04724551037399697,0.048665457407095235,0.04688923275478323,3.7881290606761127,3.7881290606761127,0.04859001327864285,0.046966980596225075,3.455688787769827,50.905555466276695,75.45277773313835,0.0016230326824177785,0.0016230326824177785,6.873630182258436,-1.456423000488254,10.633589600165589,-2.495630954806416,10.633589600165589,-2.495630954806416,13.058470838622021,-3.8349819296594547,"6095",""
"audience(RTG_Recipes)","","","","","occ","",1.46448087431694,1.4327868852459016,1.3819628647214857,1.4379990401834555,-6.1008500062570175,-3.89681591545575,1.3818203038207622,1.438140789292919,-3.9162011043332936,80.93884401639119,90.4694220081956,-0.056320485472156845,-0.056320485472156845,-1.7665081991849092,-6.372337668321785,-0.26173204094401115,-7.903897784673681,-0.26173204094401115,-7.903897784673681,0.5507737400585504,-8.258528216693474,"377",""
"audience(RTG_Recipes)","","","","","dolocc","",6.4485445506982435,6.44854455069824,7.460000000000005,7.197811633809866,3.6426122206168023,3.6426122206168516,7.461124013697809,7.198615723861707,3.6466495768894753,85.13937805696017,92.56968902848008,0.2625082898361022,0.2625082898361022,5.671553353129577,1.611535892522761,6.860242040524916,0.5771280972909816,6.860242040524916,0.5771280972909816,7.238042471334858,0.36452266980003467,"377",""
"audience(RTG_Recipes)","","","","","dolhh","816533",0.4461757411432153,0.4365196989841454,0.5017137577874294,0.48532448196482836,-0.7155254633072237,0.8675074118229101,0.5009597644359803,0.48623143881412256,3.122108724723101,49.945447752541085,74.97272387627054,0.014728325621857774,0.014728325621857774,5.769113567598145,0.0618054620580873,11.816028298579461,-1.2188920355550623,11.816028298579461,-1.2188920355550623,12.63846155182115,-4.524751680539041,"6095","2139520"
"device(Desktop)","","","","","pen","",0.05304074724472744,0.05304074724472744,0.05117055439378699,0.04947491287560098,3.427275400058811,3.427275400058811,0.0510719781023847,0.04957592199586171,3.0177070769311762,92.59632730553137,96.2981636527657,0.0014960561065229944,0.0014960561065229944,4.16186268888025,1.7220560685728383,4.776792028797196,1.3852404120675037,4.776792028797196,1.3852404120675037,5.930283408593233,0.6267478855270004,"30290",""
"device(Desktop)","","","","","occ","",1.4676787463271304,1.446836434867777,1.4837563451776652,1.4778311260441486,-1.0093908609007867,0.40094020413396103,1.478142391371376,1.483664510315383,-0.37219458345290307,19.3706348564344,59.685317428217196,-0.005522118944006893,-0.005522118944006893,0.8183486804931691,-1.7920514261956906,1.1958371460310384,-2.2687158749544953,1.1958371460310384,-2.2687158749544953,1.7095727665268345,-2.508771237364088,"1970",""
"device(Desktop)","","","","","dolocc","",6.6749709163129864,6.674970916312983,7.463492434131017,7.345019186525266,1.6129739704845325,1.6129739704845807,7.465495076485232,7.344227155726757,1.6512005713755056,75.6132562583127,87.80662812915635,0.12126792075847526,0.12126792075847526,2.6230487257456034,1.1523912512338312,2.899640288621098,0.41545719047525953,2.899640288621098,0.41545719047525953,3.1668694824857497,-1.3107237470673092,"1970",""
"device(Desktop)","","","","","dolhh","4074234",0.5196249752098322,0.5122458497694148,0.5666629371554296,0.5370352366158877,3.2554386790448455,4.407434818629956,0.5635825850215295,0.5401975488352869,4.327048884928107,87.62688097810857,93.81344048905429,0.023385036186242547,0.023385036186242547,6.31478229955121,1.7770964054842397,7.32280566357139,0.9732810484798772,7.32280566357139,0.9732810484798772,9.031381026701336,-0.12861608741550293,"30290","9422848"
"device(Mobile)","","","","","pen","",0.05433966774530667,0.05433966774530667,0.049391367478449064,0.05062294443375584,-2.432843385707037,-2.432843385707037,0.04943419651867345,0.050582120037937266,-2.269425477625011,40.39918624947223,70.19959312473611,-0.0011479235192638146,-0.0011479235192638146,0.45120716137804406,-4.3498441768212395,3.022933763378941,-6.571908369356885,3.022933763378941,-6.571908369356885,4.850702221159983,-7.8199324952255855,"8586",""
"device(Mobile)","","","","","occ","",1.5143338954468806,1.5175716694772345,1.49721706864564,1.4740085037746882,1.7941781769631076,1.574520419082975,1.4979315392504247,1.4733225891143424,1.6703029138293048,51.733675983829755,75.86683799191488,0.02460895013608222,0.02460895013608222,3.5835101080981673,-0.3579966239334999,5.207276568458216,-1.2142297110065055,5.207276568458216,-1.2142297110065055,6.119619894328174,-1.4910646270849046,"539",""
"device(Mobile)","","","","","dolocc","",6.407926035225787,6.407926035225785,7.43891167505964,7.0931293290070805,4.874891321077334,4.874891321077372,7.453227272987466,7.082201445748958,5.2388488251942205,99.89657889969108,99.94828944984555,0.3710258272385074,0.3710258272385074,6.724045445966727,3.7910969164764725,6.9608413923870724,3.5904038368906903,6.9608413923870724,3.5904038368906903,7.240743254223117,3.174765150222736,"539",""
"device(Mobile)","","","","","dolhh","1187495",0.5272979854607442,0.5284253931802146,0.5501045311453707,0.5292797389303535,6.84806400726979,5.844583276715141,0.5519043399903042,0.5277924228636814,4.604360867764051,72.76369615953669,86.38184807976835,0.02411191712662275,0.02411191712662275,7.556077723525418,1.8540450135326099,10.727387062300572,0.10014003320912729,10.727387062300572,0.10014003320912729,11.357062789149264,-1.4833036797984485,"8586","8997151"
"format(Banner)","","","","","pen","",0.05504667677112165,0.05504667677112165,0.050758088292688464,0.050537196612155486,0.437087324467558,0.437087324467558,0.050632781048370074,0.05066248339006456,-0.05862788340989237,1.7569814061494382,50.87849070307472,-2.9702341694484713e-5,-2.9702341694484713e-5,1.1683734027251114,-1.2082716697034246,1.806078585778039,-1.7545105857363852,1.806078585778039,-1.7545105857363852,2.431152490719856,-2.2390668639569995,"26785",""
"format(Banner)","","","","","occ","",1.5053361792956244,1.492892209178228,1.5017361111111114,1.524450416566216,-2.306291840681453,-1.4899996227012773,1.4942820975016438,1.5321086157845127,-2.4689188412076124,98.24613051562096,99.12306525781048,-0.03782651828286898,-0.03782651828286898,-1.7908497154384226,-3.341651819616984,-1.2716228776071088,-3.7718868896061575,-1.2716228776071088,-3.7718868896061575,-0.9430926603237584,-4.0670434449074,"1728",""
"format(Banner)","","","","","dolocc","",6.65070287857228,6.650702878572276,7.474764398699302,7.374992885971039,1.3528353758557272,1.3528353758557754,7.475034478320533,7.3757073372971,1.346679531618088,76.39469120466408,88.19734560233205,0.09932714102343354,0.09932714102343354,2.1582962515434008,0.9051779722183243,2.8628905123947663,0.01978912508093251,2.8628905123947663,0.01978912508093251,3.190360462719382,-0.3584062672442336,"1728",""
"format(Banner)","","","","","dolhh","3641655",0.5511022078793547,0.546546481722762,0.569765815778704,0.5681801488276234,-1.2576524363275225,-0.5947217628668633,0.565558554166016,0.5725055551530583,-1.2083271741855088,44.94941909871821,72.4747095493591,-0.006947000987042373,-0.006947000987042373,0.9113764943036282,-2.8798059392390023,1.3588068729083647,-3.5227796653292405,1.3588068729083647,-3.5227796653292405,1.608916776986458,-4.296791374220199,"26785","15342149"
"format(Video)","","","","","pen","",0.04993347241254755,0.04993347241254755,0.05138925878026031,0.04902506171909479,4.822425466207387,4.822425466207387,0.051568310379097065,0.04885298172476056,5.558163613502163,90.41414121446114,95.20707060723058,0.0027153286543365046,0.0027153286543365046,8.854542513792772,2.807162334342456,10.671136750297173,1.4790461930691305,10.671136750297173,1.4790461930691305,10.809081852701839,0.8792995171903785,"10809",""
"format(Video)","","","","","occ","",1.4154518950437318,1.4307871720116616,1.4390934844192633,1.4967433831602444,-2.827112666682218,-3.851688899352824,1.4504768200529705,1.4845232759550737,-2.293426883468653,71.35685340473074,85.67842670236536,-0.0340464559021032,-0.0340464559021032,-0.5017344627724853,-4.375780458814238,0.3609239743986417,-5.156858128279588,0.3609239743986417,-5.156858128279588,0.8853016512142976,-5.741969028583624,"706",""
"format(Video)","","","","","dolocc","",6.535832321023653,6.535832321023649,7.496496121678138,7.284993807997871,2.9032600336332957,2.903260033633357,7.509256852056897,7.273420920647393,3.2424348045089175,86.54096599700165,93.27048299850082,0.23583593140950398,0.23583593140950398,4.969947278282145,1.027641090593892,5.711959719712995,0.26367750544057217,5.711959719712995,0.26367750544057217,6.093515457704704,-0.21019734792515893,"706",""
"format(Video)","","","","","dolhh","1440615",0.46194235511795906,0.4669471270807197,0.5543954804651696,0.5345578147732707,7.19042089793179,5.744240470580941,0.5616821913402602,0.5274931309354989,6.486557971005044,84.93818201241743,92.46909100620871,0.03418906040476133,0.03418906040476133,10.260543151174756,2.7645471954377547,12.766384658799929,0.6720865650333067,12.766384658799929,0.6720865650333067,13.40433400287703,-0.28612591642914154,"10809","3077850"
"frequency_type(Four_Exposures)","","","","","pen","",0.058212605220280926,0.058212605220280926,0.0568482472854306,0.04806178218499443,18.281604844814584,18.281604844814584,0.05608564092419066,0.04883544284802692,14.846180669899814,88.70670537146148,94.35335268573074,0.007250198076163741,0.007250198076163741,21.061525473166753,8.094104824964777,29.76723661751099,5.771128426581559,29.76723661751099,5.771128426581559,33.5088937103714,2.182424413462688,"1730",""
"frequency_type(Four_Exposures)","","","","","occ","",1.546875,1.5115625,1.6000000000000003,1.5906407704269714,-1.6316236141743423,0.5883936679503478,1.590737881564549,1.6014077830331683,-0.6662826034484405,9.035355990166094,54.51767799508305,-0.010669901468619347,-0.010669901468619347,3.7287977334966373,-4.263627720813996,3.975652570134141,-5.989300921446506,3.975652570134141,-5.989300921446506,5.234914141725598,-6.538308402814562,"125",""
"frequency_type(Four_Exposures)","","","","","dolocc","",6.343872643849209,6.343872643849207,7.141441818181819,7.35380426353852,-2.887790288485571,-2.887790288485547,7.196008243660148,7.286793364144517,-1.2458857545087934,16.342674081892184,58.17133704094609,-0.0907851204843686,-0.0907851204843686,3.3392231320133865,-4.48556014739318,3.9177230409083115,-7.131227207221371,3.9177230409083115,-7.131227207221371,4.6256209247240845,-9.7519694506204,"125",""
"frequency_type(Four_Exposures)","","","","","dolhh","227901",0.571250656634832,0.5582099850793296,0.6495655207272243,0.5621912045431293,11.614973838078921,13.989714504802766,0.6420102514002182,0.5698670143231098,12.629812963763682,73.82478295391384,86.91239147695691,0.07214323707710835,0.07214323707710835,23.75884275965635,3.4818278346001414,28.34934211094336,-1.063606957263318,28.34934211094336,-1.063606957263318,31.122710146534516,-3.540846373415173,"1730","911607"
"frequency_type(One_Exposure)","","","","","pen","",0.05432609767359585,0.05432609767359585,0.05026035265882211,0.050227826698703924,0.0647568534336527,0.0647568534336527,0.04998408840527348,0.05050466377371949,-1.0307471222427853,37.71239047599183,68.8561952379959,-0.0005205753684460121,-0.0005205753684460121,1.2290078401957854,-2.6522216485362646,1.4643973561197012,-3.254282758357811,1.4643973561197012,-3.254282758357811,1.6833471800692033,-4.111880174347009,"20319",""
"frequency_type(One_Exposure)","","","","","occ","",1.4803991446899496,1.453913043478261,1.5015408320493069,1.4980550777561061,-1.5353472151998182,0.2326853227867937,1.4952671536781903,1.504378799051307,-0.6056749389756483,30.89803664296209,65.44901832148105,-0.009111645373116595,-0.009111645373116595,0.5481006225524121,-1.613692623118481,1.307570703255341,-2.225858467861204,1.307570703255341,-2.225858467861204,1.849532306293878,-2.4844472889618956,"1298",""
"frequency_type(One_Exposure)","","","","","dolocc","",6.663723362069947,6.663723362069942,7.5191326858170155,7.285143824523642,3.2118633060572175,3.2118633060572908,7.517613020008307,7.287749987005608,3.1541015184735413,97.27539575348456,98.63769787674228,0.22986303300269917,0.22986303300269917,4.208424516131445,2.2635089984392445,4.8464764175620205,1.8843023741586518,4.8464764175620205,1.8843023741586518,5.431770760984903,0.6552002118866312,"1298",""
"frequency_type(One_Exposure)","","","","","dolhh","2716924",0.5359253436319078,0.5263370019037604,0.5674536931208933,0.5481637322410319,1.1084479903527626,2.908339829440364,0.5618631314564488,0.5537097284022454,1.461800969828435,36.256640175484065,68.12832008774204,0.008153403054203423,0.008153403054203423,4.240924277345891,-0.464192894730846,5.109415972995686,-4.046250908570221,5.109415972995686,-4.046250908570221,5.279251277922483,-4.608334745281234,"20319","2716924"
"frequency_type(Three_Exposures)","","","","","pen","",0.05349733301402209,0.05349733301402209,0.05644891000789915,0.05075974535220109,11.208024422154361,11.208024422154361,0.0562467399102451,0.050974499281177095,10.342898318600723,93.23368877254426,96.61684438627212,0.0052722406290680035,0.0052722406290680035,15.32437915638784,3.8122271653171564,17.92013909010077,2.6055537261711477,17.92013909010077,2.6055537261711477,17.95271446131095,1.8802259554554612,"4265",""
"frequency_type(Three_Exposures)","","","","","occ","",1.4517241379310348,1.4153103448275863,1.5424836601307192,1.4871726538745318,1.2706805160453991,3.7192054407459456,1.530106277967125,1.5005072435135594,1.9726019038906584,43.19002639302389,71.59501319651194,0.02959903445356571,0.02959903445356571,5.498262849175436,-1.3709594069745943,6.937587406065496,-2.1812173333170692,6.937587406065496,-2.1812173333170692,7.480501219359168,-2.4494275705482917,"306",""
"frequency_type(Three_Exposures)","","","","","dolocc","",6.651769745484405,6.6517697454843985,7.517283376481912,7.415789269239855,1.368621781946279,1.3686217819463629,7.518485520440234,7.423415516237951,1.2806773916174699,41.33841743475715,70.66920871737857,0.09507000420228273,0.09507000420228273,3.3627134945165422,-0.21601370496871602,3.9948658469101757,-2.290058216306934,3.9948658469101757,-2.290058216306934,4.095103377556458,-3.138917973147138,"306",""
"frequency_type(Three_Exposures)","","","","","dolhh","581391",0.5165988525794923,0.5036409336169279,0.6545412997791197,0.5598068468533722,19.41739782501225,20.96985376412876,0.6470671022896898,0.5677992767699174,13.921488016454484,90.76530446619077,95.38265223309537,0.0792678255197724,0.0792678255197724,24.023569590834132,5.9400760086656925,24.957141210451642,4.331898940070119,24.957141210451642,4.331898940070119,29.419348154631503,4.280291648459869,"4265","1744174"
"frequency_type(Two_Exposures)","","","","","pen","",0.05485147820484253,0.05485147820484253,0.0478255585246717,0.05031051537997422,-4.939239513916094,-4.939239513916094,0.047759569320332346,0.05037460818450192,-5.1911845241391,72.59058524987452,86.29529262493726,-0.0026150388641695763,-0.0026150388641695763,-1.2166607030891285,-8.501742576508873,0.31238631669041417,-10.480412536258891,0.31238631669041417,-10.480412536258891,2.8596615766506517,-12.00687949686717,"6383",""
"frequency_type(Two_Exposures)","","","","","occ","",1.4808988764044944,1.450786516853933,1.4097938144329896,1.49153492453265,-7.499218946232144,-5.48033497273104,1.4097401244863175,1.4915483269462022,-5.484783897507294,95.87888054692436,97.93944027346217,-0.08180820245988474,-0.08180820245988474,-3.9462287055496885,-7.323741859893948,-2.091471762792094,-8.186078330880802,-2.091471762792094,-8.186078330880802,-1.2346835067063786,-8.908291061179646,"388",""
"frequency_type(Two_Exposures)","","","","","dolocc","",6.747958899589803,6.7479588995898,7.6520051546391805,7.389972139007966,3.5457916579694464,3.5457916579694944,7.635646465867227,7.407041856574303,3.086314533109067,83.11447864942576,91.55723932471288,0.22860460929292437,0.22860460929292437,3.885028339208479,1.3232725509212002,4.613997984015902,0.623302898439192,4.613997984015902,0.623302898439192,7.650755261130965,0.45538710452901615,"388",""
"frequency_type(Two_Exposures)","","","","","dolhh","881386",0.5481332764377244,0.5369876225617523,0.5159301467365831,0.5545427020340641,-8.522710850454814,-5.816399909612771,0.5140972430844436,0.556536701010694,-7.639300297795476,78.61734722212502,89.30867361106252,-0.04243945792625037,-0.04243945792625037,-2.3459903840744265,-11.812394884208967,-0.9278576164855883,-13.59246680588411,-0.9278576164855883,-13.59246680588411,0.2822644104464766,-16.34324702267884,"6383","1762773"
"household_age(35_44)","","","","","pen","",0.0551129614697559,0.0551129614697559,0.052042601499295967,0.054910317711705556,-5.2225452918810245,-5.2225452918810245,0.05171077122885956,0.05524959757191148,-6.405162206739839,86.73782701054255,93.36891350527128,-0.003538826343051922,-0.003538826343051922,-3.24478836830262,-9.81069515324673,-1.8784995838359728,-10.700910164007178,-1.8784995838359728,-10.700910164007178,-1.0547456204836831,-11.244630095505602,"5125",""
"household_age(35_44)","","","","","occ","",1.5403899721448466,1.5367130919220053,1.463126843657817,1.5178612615241858,-3.848263314300234,-3.60602245105104,1.4517236442570327,1.529226094601202,-5.068083170813317,86.35971326942874,93.17985663471437,-0.07750245034416925,-0.07750245034416925,-2.0064031038974015,-7.616839522010588,-0.3156883882280137,-8.724142931461,-0.3156883882280137,-8.724142931461,0.39597632668631305,-9.3719676893359,"339",""
"household_age(35_44)","","","","","dolocc","",6.529294402440646,6.529294402440642,7.309085615957303,7.470198260377638,-2.1567385336328937,-2.1567385336328337,7.316120941882392,7.465388533400119,-1.9994617942509458,57.900883826098394,78.95044191304919,-0.1492675915177264,-0.1492675915177264,0.015595128911939322,-3.8657137596977114,0.6577315233409824,-5.258778668511095,0.6577315233409824,-5.258778668511095,1.6142888678017344,-5.6789921207806096,"339",""
"household_age(35_44)","","","","","dolhh","681090",0.5543074072618427,0.5529842865067145,0.5565497926183158,0.6226129677788292,-9.33871228092279,-9.52790264747948,0.5492193646314995,0.6307441548500788,-12.956400225038259,96.00283575390965,98.00141787695483,-0.08152479021857939,-0.08152479021857939,-8.920328919307144,-17.55667012146686,-5.157266517280703,-18.62587610192158,-5.157266517280703,-18.62587610192158,-1.6898402847652922,-20.476276987733705,"5125","2601110"
"household_age(45_54)","","","","","pen","",0.05624442940056098,0.05624442940056098,0.05385885816986834,0.05109526565185055,5.4087056457405875,5.4087056457405875,0.05377379901128507,0.051183209034512955,5.0614059290914515,89.93606927174645,94.96803463587322,0.002590589976772112,0.002590589976772112,7.164942378483195,2.328680252862434,8.100752106335708,1.243711241336539,8.100752106335708,1.243711241336539,9.790264013126938,-0.7900310188594271,"8575",""
"household_age(45_54)","","","","","occ","",1.4861337683523654,1.4555954323001632,1.512776831345826,1.522199433487456,-2.6252104234646256,-0.6190123274479317,1.512695676546428,1.5222612431192717,-0.6283787763815728,25.587002500966793,62.793501250483395,-0.009565566572843798,-0.009565566572843798,1.0093982407095672,-1.734003950629126,1.1575592067932408,-3.292110817314814,1.1575592067932408,-3.292110817314814,1.5214752969686696,-3.6750811144396907,"587",""
"household_age(45_54)","","","","","dolocc","",6.981105161966912,6.981105161966906,7.818347916989322,7.379347448720812,5.949041853891885,5.949041853891968,7.832146273333307,7.366531515366372,6.320678286594933,99.69148427354429,99.84574213677216,0.46561475796693497,0.46561475796693497,8.63412424677576,4.555695559298655,8.7466891499609,3.902843592620222,8.7466891499609,3.902843592620222,8.86801964717433,3.495553019228638,"587",""
"household_age(45_54)","","","","","dolhh","1041738",0.5835278626733236,0.5715370376576868,0.6370110986821572,0.5739448674858474,10.181697090062354,12.339368882376863,0.6370933545057146,0.573957523325415,10.981967676051422,97.99072152278632,98.99536076139316,0.06313583118029953,0.06313583118029953,15.119977328685916,8.802106270515289,15.869170779027073,5.313405390903016,15.869170779027073,5.313405390903016,16.250663275003202,1.7114199696998302,"8575","3842573"
"household_age(55_64)","","","","","pen","",0.05323062224989925,0.05323062224989925,0.04954978134964025,0.0484115520866371,2.3511521815416763,2.3511521815416763,0.04960200712117171,0.04836235041094831,2.5632681201175878,57.91666976084072,78.95833488042037,0.0012396567102233996,0.0012396567102233996,5.208015146825557,-0.18491865588919607,7.362652573570264,-1.269609698555228,7.362652573570264,-1.269609698555228,7.9279645580735165,-1.4597502911057898,"11115",""
"household_age(55_64)","","","","","occ","",1.502659574468085,1.4715425531914892,1.5142857142857142,1.4930148907623766,-0.6594842298076801,1.4246893085223113,1.5071742222111326,1.5002591707381927,0.4609237928895585,19.74725355974689,59.87362677987345,0.006915051472939915,0.006915051472939915,1.7443278926734191,-1.018228906522186,2.6804128694555316,-1.7539388397962936,2.6804128694555316,-1.7539388397962936,3.0453485197680075,-2.150456152901327,"700",""
"household_age(55_64)","","","","","dolocc","",6.680036690518412,6.680036690518407,7.478168467841691,7.178131921622536,4.179869491049009,4.179869491049071,7.474360651807744,7.185460317299057,4.020623895356522,99.12806268801354,99.56403134400676,0.28890033450868646,0.28890033450868646,5.508771736886485,2.881197532711005,5.685669363689218,1.9047953091256207,5.685669363689218,1.9047953091256207,5.827652053064255,1.4963961083507642,"700",""
"household_age(55_64)","","","","","dolhh","1353550",0.5343194626967441,0.5232547941771829,0.561105870322814,0.5188294041677587,5.484294493454075,8.423176116556089,0.5587747301634948,0.5213486879154547,7.202231710197707,94.59321045873095,97.29660522936547,0.037426042248040026,0.037426042248040026,10.61870034436887,4.660953731590467,12.34940799406159,3.2762309683291932,12.34940799406159,3.2762309683291932,12.769901837089717,2.554075120032738,"11115","4935648"
"household_age(More_Then_65)","","","","","pen","",0.048297549426119316,0.048297549426119316,0.04730265608588089,0.042306482620901815,11.80947494441593,11.80947494441593,0.047024867388388535,0.042578120789744905,10.443736163467886,98.10162115391864,99.05081057695932,0.004446746598643629,0.004446746598643629,13.94789445585797,6.751557276898208,15.243255588489845,5.082852708242766,15.243255588489845,5.082852708242766,15.863748224508868,4.228704537504624,"8699",""
"household_age(More_Then_65)","","","","","occ","",1.4063670411985019,1.3722846441947567,1.3671128107074568,1.4837438998219674,-10.157648239452891,-7.86059434707735,1.3703018153481106,1.4798788182448348,-7.404457820856217,97.84325469120748,98.92162734560375,-0.10957700289672423,-0.10957700289672423,-5.112377570056914,-9.214843362605041,-3.8228411026171263,-9.862480891145516,-3.8228411026171263,-9.862480891145516,-3.354360979269497,-10.313562696928747,"523",""
"household_age(More_Then_65)","","","","","dolocc","",6.3959146974020635,6.395914697402056,7.342352135117916,7.088932678903148,3.574860528284381,3.5748605282844808,7.341103239170115,7.091178254001549,3.5244493399603054,89.9,95.05289565952214,0.24992498516856632,0.24992498516856632,5.392118325535325,2.0809685744816435,5.974456982950191,0.5628004035074278,5.974456982950191,0.5628004035074278,6.431852641569494,-0.24139744360967497,"523",""
"household_age(More_Then_65)","","","","","dolhh","1353256",0.43443663234735463,0.4239083411240228,0.47481572065941674,0.444986379413434,4.732511235040712,7.145855377665772,0.4730479276460407,0.4468183971844093,5.886803331490226,72.20778802582832,86.10389401291417,0.0262295304616314,0.0262295304616314,11.782795014361248,0.9511387341944925,12.541762838225948,-0.6350073290792911,12.541762838225948,-0.6350073290792911,13.07365792269869,-1.4561341847886793,"8699","4892402"
"ad_size(300x600)","","","","","pen","",0.05424721438383926,0.05424721438383926,0.04644185979623648,0.05098457616622129,-8.909981628903855,-8.909981628903855,0.04650663209608955,0.050919388326843035,-8.666161114168816,67.06874389842966,83.53437194921483,-0.004412756230753483,-0.004412756230753483,2.475474720455177,-13.841292751661257,3.904568538009179,-17.432731311312367,3.904568538009179,-17.432731311312367,5.372472564902049,-18.05783176990628,"2016",""
"ad_size(300x600)","","","","","occ","",1.517985611510791,1.5329496402877698,1.4369747899159662,1.5057492970622104,-3.5736678392779124,-4.567460684220581,1.43371175882785,1.5086306482026617,-4.96601931453983,49.5866926016521,74.79334630082606,-0.07491888937481161,-0.07491888937481161,1.6378304968122621,-10.1055685890331,5.616932041198139,-11.409882108525874,5.616932041198139,-11.409882108525874,7.536578319760921,-13.622463152311779,"119",""
"ad_size(300x600)","","","","","dolocc","",6.624046762589928,6.624046762589927,7.023515406162464,7.282622421620871,-3.5578806706930517,-3.5578806706930393,7.015976402131055,7.298942929584789,-3.876815179726731,57.36505451058772,78.68252725529385,-0.2829665274537341,-0.2829665274537341,-0.04981660004721552,-6.3188610992701175,0.8982954605063931,-10.330523656416563,0.8982954605063931,-10.330523656416563,1.775964384057282,-12.039461755060096,"119",""
"ad_size(300x600)","","","","","dolhh","269023",0.5454670064515478,0.550844121965383,0.4687197910808352,0.5590868484665261,-14.24670964341574,-16.081246072212508,0.46780499734471187,0.5606942110521886,-16.423381845617495,90.59748576202611,95.29874288101306,-0.09288921370747677,-0.09288921370747677,-8.271674320561633,-22.867068419920493,-3.384150151852049,-26.124640984826875,-3.384150151852049,-26.124640984826875,-0.562495747472188,-30.024446858023225,"2016","358850"
"household_age(25_34)","","","","","pen","",0.06113595030989516,0.06113595030989516,0.05529884952653833,0.04926513061153159,12.247443252681462,12.247443252681462,0.05481359613613747,0.049767259405546764,10.139872660997414,80.31367514695434,90.15683757347716,0.0050463367305907045,0.0050463367305907045,19.178695540752997,3.758953876745874,22.636284943351342,2.0672405338618005,22.636284943351342,2.0672405338618005,25.852712162750425,1.172804191180255,"2561",""
"household_age(25_34)","","","","","occ","",1.4371859296482414,1.4012060301507538,1.6555555555555557,1.5130045935184488,7.043670785677608,9.421713763975339,1.6513970720780038,1.517502642046916,8.823340818074717,93.37336997240273,96.68668498620137,0.1338944300310878,0.1338944300310878,12.292737767814172,4.849370908853887,15.983109373499593,3.3716695403388863,15.983109373499593,3.3716695403388863,17.199489662169963,2.1543820324585625,"180",""
"household_age(25_34)","","","","","dolocc","",6.4876016192071475,6.487601619207146,7.139103637566142,7.029147918736254,1.5642823298226194,1.5642823298226447,7.117495189156893,7.057729532263859,0.8468113806263018,19.32624532252316,59.66312266126158,0.059765656893033814,0.059765656893033814,3.2642933223454227,-1.8444973413578418,5.161674181926836,-4.669319056894822,5.161674181926836,-4.669319056894822,8.374782335822395,-5.284703371398934,"180",""
"household_age(25_34)","","","","","dolhh","435733",0.5700248613244305,0.5557543088521124,0.6535872050379082,0.5239412207286185,24.0171738908969,26.316874579172207,0.6442686336421102,0.5330134801601046,20.894320051324307,94.67765302692695,97.33882651346347,0.11125515348200554,0.11125515348200554,31.63466594814444,10.756069685904244,33.407644174978905,7.758874006234641,33.407644174978905,7.758874006234641,34.119738918362266,4.853078862853959,"2561","1668370"
"household_income(100-150K)","","","","","pen","",0.052617992957362685,0.052617992957362685,0.05186012063081631,0.05023610850250265,3.2327586206896473,3.2327586206896473,0.05188566512313045,0.05021156515167752,3.334092387671767,77.05830104011,88.529150520055,0.0016740999714529303,0.0016740999714529303,5.731133352335538,1.4167529217240082,6.904175537654909,0.44637732155340487,6.904175537654909,0.44637732155340487,7.037106738928453,-0.8032419847206164,"7267",""
"household_income(100-150K)","","","","","occ","",1.4423868312757202,1.4202469135802471,1.436325678496869,1.5357449961271723,-7.915326804405898,-6.473686574334804,1.4271602433254449,1.546058422927469,-7.690406639154672,99.86431418664029,99.93215709332016,-0.11889817960202409,-0.11889817960202409,-5.48362827085636,-9.718871760083621,-4.687085044817032,-10.536992969629306,-4.687085044817032,-10.536992969629306,-3.9674731291507253,-11.05062940522108,"479",""
"household_income(100-150K)","","","","","dolocc","",6.805787249330467,6.805787249330459,7.594028009742523,7.623497083423057,-0.38655584645820146,-0.38655584645809665,7.587725204670071,7.631589193362845,-0.5747687353365686,28.653350570054258,64.32667528502714,-0.04386398869277386,-0.04386398869277386,0.32758722823444314,-1.5294798997095853,1.4616256460321433,-2.6753226207928313,1.4616256460321433,-2.6753226207928313,1.6528538143529645,-3.3841904002066348,"479",""
"household_income(100-150K)","","","","","dolhh","863228",0.51652862706535,0.5086001705357871,0.5656641326877311,0.5881516736724869,-6.951344000089208,-5.6266992501606605,0.5618646660484661,0.5924403700552483,-5.177936149235028,75.55273068669617,87.77636534334809,-0.030575704006782223,-0.030575704006782223,-0.8333966227040974,-9.679221672808616,0.5622775972178905,-11.125952433263882,0.5622775972178905,-11.125952433263882,1.1718755218005668,-11.55470792033266,"7267","3081446"
"household_income(50-75K)","","","","","pen","",0.05153210195588968,0.05153210195588968,0.05078117879441951,0.048126665418622504,5.515681073490397,5.515681073490397,0.050262153089231286,0.04864756868355363,3.3189416231267894,69.63894847842768,84.81947423921383,0.0016145844056776534,0.0016145844056776534,4.902182586061546,1.1485171058231096,6.8314355099013016,-0.5807197653004954,6.8314355099013016,-0.5807197653004954,9.9574381552495,-1.4653146328161124,"8382",""
"household_income(50-75K)","","","","","occ","",1.4663023679417124,1.455009107468124,1.5397412199630316,1.4827716654604104,3.080467147640695,3.842098944137281,1.5467330209032968,1.4756664491248503,4.815896696749645,94.60672177520102,97.3033608876005,0.07106657177844644,0.07106657177844644,6.976269629432197,2.232805271609576,7.856925560930394,1.1740587343207767,7.856925560930394,1.1740587343207767,8.619598450406896,0.664078453189872,"541",""
"household_income(50-75K)","","","","","dolocc","",6.370749934946661,6.370749934946655,7.362264897456215,7.4509037483790665,-1.1896389205422389,-1.1896389205421556,7.367807158382305,7.447128690617358,-1.0651290655818908,35.91277530544082,67.95638765272041,-0.07932153223505356,-0.07932153223505356,1.2786014913807917,-3.121790578761321,2.1724158807505276,-4.017354888773618,2.1724158807505276,-4.017354888773618,2.353415325315626,-4.083078251548952,"541",""
"household_income(50-75K)","","","","","dolhh","1181415",0.48138433300989963,0.47767677665628244,0.5756545660714216,0.5317028682347003,7.448175606757491,8.814885434246216,0.5727890358088092,0.5346113834205464,7.1851851026367095,94.26373424430896,97.13186712215447,0.03817765238826287,0.03817765238826287,9.18028173565403,5.076539310576841,12.560163520927144,3.783729755464355,12.560163520927144,3.783729755464355,13.20945461179209,1.1106483888261562,"8382","4455345"
"household_income(75-100K)","","","","","pen","",0.052170523357781586,0.052170523357781586,0.05397990567076824,0.04971780511128859,8.572583906186807,8.572583906186807,0.05383459405971173,0.049870055574230854,7.949737452326912,97.79969645763244,98.89984822881621,0.003964538485480874,0.003964538485480874,10.330513948436138,5.570371180076125,12.122571243580863,3.7434303582723643,12.122571243580863,3.7434303582723643,12.963730945705102,2.82267005824619,"7827",""
"household_income(75-100K)","","","","","occ","",1.5298651252408475,1.4979576107899808,1.5158286778398509,1.497800959034582,-0.9266782453220049,1.2036124490725904,1.5062272955168206,1.5082661864462585,-0.13518110713878517,2.4258996417833134,51.212949820891666,-0.0020388909294379864,-0.0020388909294379864,2.336393193407619,-2.2272260816292753,2.795865346032628,-3.0365651264533398,2.795865346032628,-3.0365651264533398,2.9699942068967196,-4.408094243540962,"537",""
"household_income(75-100K)","","","","","dolocc","",6.891383284399184,6.891383284399179,7.514764986255216,7.238703660254864,3.813684589909395,3.813684589909456,7.514899153511224,7.242397847220993,3.762584050733875,94.68638365633886,97.34319182816942,0.2725013062902306,0.2725013062902306,5.80044979613805,1.9263553367925463,6.692788750069742,1.6620674244847293,6.692788750069742,1.6620674244847293,7.097270380675726,1.4496213814846746,"537",""
"household_income(75-100K)","","","","","dolhh","903140",0.5500279299601184,0.5385563146954588,0.614890302324364,0.5390472685004513,13.113044650998745,16.051160085828307,0.6093616422909269,0.5447537458591998,11.83618537929079,97.42677126608545,98.71338563304273,0.06460789643172715,0.06460789643172715,15.717444529554156,8.879778123691857,17.103173482327307,6.672430334112675,17.103173482327307,6.672430334112675,17.2573447198238,3.6801090600503406,"7827","3225601"
"household_income(150-200K)","","","","","pen","",0.05657307863845095,0.05657307863845095,0.04498249667350001,0.05148426122336298,-12.628644939965724,-12.628644939965724,0.04506640773570107,0.05139115555489216,-12.307074536270088,98.0180743503916,99.0090371751958,-0.006324747819191089,-0.006324747819191089,-8.124249693901518,-16.34546791163998,-5.745489299527264,-18.48905912288908,-5.745489299527264,-18.48905912288908,-4.747303216617591,-19.26368106661265,"2851",""
"household_income(150-200K)","","","","","occ","",1.5902439024390247,1.5098536585365856,1.521472392638037,1.5283215995156272,-5.708186732928349,-0.44815220041128795,1.5092732040047323,1.539018872181265,-1.9327682534765727,34.623235572871934,67.31161778643597,-0.02974566817653268,-0.02974566817653268,1.7022467183140921,-5.515844782467926,3.3104852911297895,-7.235242202456302,3.3104852911297895,-7.235242202456302,4.34361057940672,-7.5787573902378975,"163",""
"household_income(150-200K)","","","","","dolocc","",6.813555981416958,6.813555981416958,7.405563832895125,7.591099198612924,-2.444117259746793,-2.444117259746793,7.4009812302722695,7.59757643075977,-2.5876041166438233,58.759718798630686,79.37985939931535,-0.19659520048750068,-0.19659520048750068,0.17082257018755467,-5.101423925696149,0.781486239244321,-6.185881035786788,0.781486239244321,-6.185881035786788,1.4245412258099852,-8.042415131829362,"163",""
"household_income(150-200K)","","","","","dolhh","328238",0.6129815185375891,0.5819939865575294,0.5068340252680494,0.5973019091349889,-20.88843378693455,-15.106837779814347,0.5033964006634496,0.60090719795539,-16.239852341559008,97.16625911890934,98.58312955945466,-0.09751079729194045,-0.09751079729194045,-9.157167354467873,-20.828116302867063,-5.92973605705489,-22.762039118348117,-5.92973605705489,-22.762039118348117,-4.035700996478654,-27.56242346178455,"2851","1149707"
"household_income(Less_than_25K)","","","","","pen","",0.05592741173274667,0.05592741173274667,0.050359977080618054,0.0487099919018963,3.387364921030747,3.387364921030747,0.0504179022064729,0.04866045632363413,3.611651052242985,44.03846301146267,72.01923150573133,0.0017574458828387707,0.0017574458828387707,8.295713727153107,-2.2246826912961977,13.019049312216953,-4.0530274049974,13.019049312216953,-4.0530274049974,15.117169638720432,-4.326831891191777,"3109",""
"household_income(Less_than_25K)","","","","","occ","",1.4841628959276019,1.463348416289593,1.3316582914572868,1.4764461873149555,-11.216282511240038,-9.806513579812751,1.3385732784982491,1.468528442585506,-8.84934607452727,97.92837024723788,98.96418512361895,-0.12995516408725694,-0.12995516408725694,-5.6091981934730315,-11.050602104134494,-5.216452809750775,-11.9425913406006,-5.216452809750775,-11.9425913406006,-3.735922868807451,-15.052385324785641,"199",""
"household_income(Less_than_25K)","","","","","dolocc","",6.404205020469727,6.4042050204697265,7.488026800670018,7.191983717264608,4.116292458988013,4.116292458988025,7.4506039915069735,7.23746618032333,2.944923069390035,53.32593177327469,76.66296588663735,0.2131378111836435,0.2131378111836435,5.757858020934362,0.3129928729093746,8.631357203359366,-1.8752762678381378,8.631357203359366,-1.8752762678381378,9.557862481210474,-4.379139369728284,"199",""
"household_income(Less_than_25K)","","","","","dolhh","565292",0.5315835312590076,0.5241283963693996,0.5021641577191504,0.5172307966882148,-1.2169138798374777,0.6979362213225767,0.5028267842668825,0.517184007487273,-2.783754821270735,18.10563913909372,59.05281956954687,-0.014357223220390458,-0.014357223220390458,5.285612822176928,-10.42006855115282,8.595505954945283,-12.735046799494173,8.595505954945283,-12.735046799494173,12.396117459696068,-13.3595152061386,"3109","2234921"
"household_income(200K+)","","","","","pen","",0.057463072298491756,0.057463072298491756,0.056011984614186404,0.05125241700966486,9.286523216308048,9.286523216308048,0.05625400000474577,0.05102240254746675,10.25353020648529,92.0406430369398,96.0203215184699,0.005231597457279025,0.005231597457279025,16.378263780443508,5.585090260454102,17.7600428860961,4.540009885681471,17.7600428860961,4.540009885681471,21.720662644331874,2.8311564551679735,"2711",""
"household_income(200K+)","","","","","occ","",1.4696969696969697,1.426060606060606,1.5129533678756477,1.5045843910148269,-2.3439952578369745,0.5562318013399064,1.5027680541346313,1.5154764626515975,-0.8385751168137947,9.978512266854445,54.98925613342722,-0.012708408516966196,-0.012708408516966196,3.1224409283274395,-5.386508044708178,4.490668821173456,-7.342016395744247,4.490668821173456,-7.342016395744247,7.421119438854518,-8.6404274188331,"193",""
"household_income(200K+)","","","","","dolocc","",7.11348905723906,7.113489057239059,7.842262521588952,7.405550162982414,5.897095408110253,5.897095408110266,7.858386429507233,7.390113484388177,6.3364784060257735,89.54300586336795,94.77150293168397,0.4682729451190557,0.4682729451190557,11.145146152641766,3.3627376002291696,11.490592434262,1.6590463445867059,11.490592434262,1.6590463445867059,11.539987294188766,1.0368190928875274,"193",""
"household_income(200K+)","","","","","dolhh","348880",0.6007576483499065,0.5829207202339505,0.6645809368305602,0.5710685340694618,7.5689964958004365,11.112530488968664,0.6643221670704851,0.5714275934322401,16.21634677722095,90.75288697811065,95.37644348905533,0.09289457363824494,0.09289457363824494,24.101571937909284,9.836417187290179,28.077363421179914,4.444547136943232,28.077363421179914,4.444547136943232,31.041404936454235,0.2806413438920084,"2711","1221392"
"household_income(25-50K)","","","","","pen","",0.05146211053855022,0.05146211053855022,0.04403806836249705,0.04500319384538397,-2.144571085782857,-2.144571085782857,0.04359059237981408,0.04544787245002799,-4.086616094639134,43.898753329766784,71.94937666488339,-0.001857280070213907,-0.001857280070213907,1.1497783398300745,-8.123168192637568,4.3924016256005585,-11.22882902640582,4.3924016256005585,-11.22882902640582,4.96135538858502,-12.04525705292054,"4663",""
"household_income(25-50K)","","","","","occ","",1.462295081967213,1.4426229508196724,1.42911877394636,1.4768492298721083,-4.563945033111183,-3.2319112174965663,1.421466161715536,1.4847100832144215,-4.259681550889819,79.54250368792661,89.77125184396331,-0.06324392149888558,-0.06324392149888558,-1.12835667618014,-6.340468236875517,-0.4960582867880781,-8.780768047045127,-0.4960582867880781,-8.780768047045127,0.21416146235473518,-10.413184308669646,"261",""
"household_income(25-50K)","","","","","dolocc","",6.21579143897997,6.215791438979966,7.307155446086486,7.172894825166966,1.8717773533838318,1.8717773533838813,7.314036324751812,7.16783788727063,2.0396448661431914,56.452441185239934,78.22622059261997,0.146198437481182,0.146198437481182,3.3289468341786774,0.5655638562760188,4.671704892930972,-0.6583527742481009,4.671704892930972,-0.6583527742481009,6.6143918810126285,-2.455925817926313,"261",""
"household_income(25-50K)","","","","","dolhh","795253",0.4677556549781742,0.46146297800537356,0.45988043344507923,0.4767316222444044,-5.897510583545599,-5.662745151601385,0.45319635637324085,0.48366358417746885,-6.211665055101881,66.53896188469419,83.2694809423471,-0.030467227804228003,-0.030467227804228003,-0.9224161030479995,-12.869991789993454,1.82901422039369,-13.595304719896879,1.82901422039369,-13.595304719896879,2.6864299923432546,-15.578160933346927,"4663","3051585"
"household_presence_children(2_Child)","","","","","pen","",0.05091492838682423,0.05091492838682423,0.0506747636302826,0.05192362036429905,-2.405180388529152,-2.405180388529152,0.05078657371385386,0.051811845423290835,-1.9788365016932752,26.21091241727045,63.105456208635225,-0.0010252717094369757,-0.0010252717094369757,3.5183834369400437,-6.727296286208427,5.698665408025777,-7.2569019143470594,5.698665408025777,-7.2569019143470594,6.775785848519996,-7.838132263720785,"3276",""
"household_presence_children(2_Child)","","","","","occ","",1.419811320754717,1.370943396226415,1.4170616113744077,1.5451904395158806,-11.454688570635296,-8.292105934956256,1.4088563886673382,1.55389374305538,-9.333801299879024,99.31017524709625,99.65508762354813,-0.14503735438804188,-0.14503735438804188,-6.181130124082972,-11.778741862520228,-5.714104845196676,-13.95375299370838,-5.714104845196676,-13.95375299370838,-4.713559218217987,-14.95890551700533,"211",""
"household_presence_children(2_Child)","","","","","dolocc","",6.7891221922731395,6.789122192273138,7.741061160009029,7.279067515088442,6.346879513934178,6.346879513934202,7.732663065264529,7.291133688444089,6.055702661442518,95.37059976672602,97.685299883363,0.4415293768204407,0.4415293768204407,7.800129493303933,3.989962771662358,9.79129434561844,2.601610299782724,9.79129434561844,2.601610299782724,11.724525336821385,0.8015828793606115,"211",""
"household_presence_children(2_Child)","","","","","dolhh","346837",0.4907828714100226,0.47389080978939846,0.555879890591349,0.5840132842807413,-3.869978905780589,-2.0833350798217602,0.5532796886497839,0.5870099200102016,-5.729982103233755,58.78261808749327,79.39130904374663,-0.03373023136041764,-0.03373023136041764,0.010873617490810136,-11.909509997773167,2.16658655806549,-14.838425064588428,2.16658655806549,-14.838425064588428,2.3692238649309365,-15.708486337051639,"3276","1244061"
"household_presence_children(Morethan_3_Child)","","","","","pen","",0.05255762629863762,0.05255762629863762,0.05176530027403506,0.05602273211289957,-7.59947199698283,-7.59947199698283,0.05150440951514675,0.056286678152228604,-8.496270865635559,93.49785236311212,96.74892618155606,-0.004782268637081852,-0.004782268637081852,-5.5714462324276255,-11.395177242956066,-4.373573621136108,-14.183045170408768,-4.373573621136108,-14.183045170408768,-2.0137612730426953,-16.617208788592595,"2979",""
"household_presence_children(Morethan_3_Child)","","","","","occ","",1.5175879396984926,1.5326633165829144,1.4591836734693882,1.5104857722303047,-2.398349096860686,-3.3963973513743535,1.4492291753810418,1.5201227395313857,-4.663673682836855,81.74281836579395,90.87140918289698,-0.07089356415034387,-0.07089356415034387,-1.6588498750215885,-7.280282040340186,-0.3516809084986232,-7.59610296243385,-0.3516809084986232,-7.59610296243385,-0.18953242775339849,-7.64599055124398,"196",""
"household_presence_children(Morethan_3_Child)","","","","","dolocc","",7.303467695620964,7.303467695620961,7.8484207968901885,7.69084373432307,2.0488917472587986,2.0488917472588333,7.805706136966365,7.727470756605072,1.0124319175769265,33.058200402079116,66.52910020103955,0.07823538036129296,0.07823538036129296,3.6196882602956197,-0.9675265619994581,4.778935494071917,-1.8200001953603377,4.778935494071917,-1.8200001953603377,4.976274223589854,-2.7064408913808577,"196",""
"household_presence_children(Morethan_3_Child)","","","","","dolhh","304702",0.5825305708585269,0.5883172983836111,0.5928311007102481,0.6508110389904371,-8.612418075384927,-8.750486989619592,0.5826311205782249,0.6611829483081682,-11.8202772703093,98.47765647047451,99.23882823523725,-0.07855182772994329,-0.07855182772994329,-7.553866782647035,-16.69511121461817,-6.212909861305491,-17.850499247658618,-6.212909861305491,-17.850499247658618,-5.86634096785565,-19.95891021345427,"2979","1175204"
"ad_size(320x50)","","","","","pen","",0.05256613295454195,0.05256613295454195,0.04605957578101559,0.051394952663307215,-10.381130063965898,-10.381130063965898,0.04641457990845381,0.051041535829475106,-9.065079735217042,99.62136948358003,99.81068474179001,-0.004626955921021296,-0.004626955921021296,-7.497817924182495,-11.203260512751177,-4.68996790034294,-11.891535864923105,-4.68996790034294,-11.891535864923105,-3.672898762129826,-12.770608798187455,"4595",""
"ad_size(320x50)","","","","","occ","",1.5309446254071661,1.5428013029315963,1.4089219330855018,1.4974314733588128,-5.118956300347058,-5.910757309967558,1.4135855706487233,1.4929470463558472,-5.315759584429892,94.34432479333074,97.17216239666537,-0.07936147570712393,-0.07936147570712393,-3.0682215138638376,-7.745017451018012,-1.5508728456198324,-8.927363678879638,-1.5508728456198324,-8.927363678879638,-1.3701468760692177,-9.67284640424109,"269",""
"ad_size(320x50)","","","","","dolocc","",6.541754343105324,6.541754343105319,7.587117100371754,7.418316758164395,2.2754534176715637,2.2754534176716237,7.609061130096723,7.404362757529786,2.7645643422693076,81.77059432723655,90.88529716361829,0.2046983725669369,0.2046983725669369,4.264428619324339,1.2015627855474407,6.311203581438751,0.34846390117167114,6.311203581438751,0.34846390117167114,6.647555884545464,-0.21361535465108933,"269",""
"ad_size(320x50)","","","","","dolhh","637353",0.5264531674955848,0.5305303792608694,0.49236100640029956,0.5709167711003758,-12.768466208043828,-14.864376028018581,0.49923796086939093,0.5642295473722287,-11.549506117040417,98.20671098331955,99.10335549165977,-0.06499158650283782,-0.06499158650283782,-7.6665159068686055,-16.335321774834533,-5.297933074970878,-17.14059033124822,-5.297933074970878,-17.14059033124822,-3.7308559509860157,-18.567595863703783,"4595","6197721"
"household_presence_children(No_Children)","","","","","pen","",0.05328238741454773,0.05328238741454773,0.049900366945821326,0.04878132534330372,2.2939958983119646,2.2939958983119646,0.04979518287861825,0.04888697118294216,1.8577786140144075,71.60279930535592,85.80139965267796,0.0009082116956760852,0.0009082116956760852,3.2856294761468097,0.5312162983346955,4.097136204251646,0.1266225138883709,4.097136204251646,0.1266225138883709,4.3492885807120585,-0.9362421128152845,"22752",""
"household_presence_children(No_Children)","","","","","occ","",1.4640446834152216,1.4594491011908275,1.4656964656964657,1.4964090384545057,-2.359525642728037,-2.0524182872993046,1.4633407603597581,1.49889064839166,-2.3717466027323337,79.9,91.63446925241094,-0.035549888031901844,-0.035549888031901844,-1.0602441478846456,-3.68095296879029,0.14023806972734515,-3.944747703075705,0.14023806972734515,-3.944747703075705,0.5906302743199482,-4.2112198819390105,"1443",""
"household_presence_children(No_Children)","","","","","dolocc","",6.521735060121276,6.521735060121272,7.356019947769955,7.257366262272444,1.3593593313646075,1.3593593313646564,7.364012171315012,7.250598814266001,1.5641929715634322,76.02894622059694,88.01447311029847,0.11341335704901034,0.11341335704901034,2.3561892117639665,0.3423876264222258,3.5102610748823313,-0.3485381304861577,3.5102610748823313,-0.3485381304861577,3.7691647135578155,-0.6021386310920435,"1443",""
"household_presence_children(No_Children)","","","","","dolhh","3398684",0.5087461782268928,0.5071492427508973,0.5380104090050396,0.5297646307912696,1.991602227697476,1.7712287683979047,0.5365958370844779,0.5312965023719588,1.0066766687234394,33.70600130031729,66.85300065015865,0.005299334712519088,0.005299334712519088,3.5255742472910105,-1.223409529907011,3.9754109045937702,-2.0364277346103923,3.9754109045937702,-2.0364277346103923,4.16704785609526,-2.793215313214414,"22752","12410431"
"household_presence_children(1_Child)","","","","","pen","",0.056464080608589186,0.056464080608589186,0.05294763430734253,0.05002596978047817,5.840295629820028,5.840295629820028,0.05263125681724907,0.05033942555154972,4.552756096416733,73.87843189352499,86.93921594676249,0.0022918312656993456,0.0022918312656993456,7.489758586984618,1.3712107549001145,11.148370771246551,0.5744174102241151,11.148370771246551,0.5744174102241151,12.74717892532839,-0.07404507074720112,"7831",""
"household_presence_children(1_Child)","","","","","occ","",1.5409252669039142,1.4961565836298931,1.5521821631878563,1.5165021233838791,-0.5993162376696026,2.352785350828375,1.5393785557780746,1.5299517975241108,0.6161474021089358,18.93236248741841,59.4661812437092,0.009426758253963774,0.009426758253963774,3.2975430866876527,-1.708834334259899,3.9846532941123316,-2.9782776211383983,3.9846532941123316,-2.9782776211383983,4.0464094577615315,-3.758383432908799,"527",""
"household_presence_children(1_Child)","","","","","dolocc","",6.690308033949055,6.690308033949048,7.638281153223761,7.38127483311925,3.4818689984463727,3.481868998446469,7.637350229205445,7.383326761832467,3.4405014916329213,94.26894282357176,97.13447141178588,0.25402346737297865,0.25402346737297865,4.659372818742541,1.7619919461281743,5.950717276594276,1.3810227043374126,5.950717276594276,1.3810227043374126,7.014856739013155,1.0859943514118346,"527",""
"household_presence_children(1_Child)","","","","","dolhh","935224",0.5821031526341913,0.5651912411789066,0.6277473516135157,0.5599766463093325,9.960395570888332,12.54918627588163,0.6187737478316582,0.568640899079304,8.826722299248125,89.15082296316005,94.57541148158003,0.05013284875235413,0.05013284875235413,14.263002856316467,5.615870955211093,17.073044047296566,1.6962527020495106,17.073044047296566,1.6962527020495106,18.746248590262923,1.0916096307361642,"7831","3590302"
"target(Behavioral)","","","","","pen","",0.05338374947168726,0.05338374947168726,0.05056068166260802,0.04965544877169669,1.8230283147240487,1.8230283147240487,0.050437494524916894,0.04977937010309903,1.3220826628677853,56.1665926160808,78.0832963080404,0.0006581244218178614,0.0006581244218178614,2.923972658285708,0.024802018178611746,3.9133515479935452,-0.3274048742259562,3.9133515479935452,-0.3274048742259562,4.029527757510742,-1.1356331382012608,"34001",""
"target(Behavioral)","","","","","occ","",1.4785435630689205,1.4489640225400953,1.4800915331807776,1.4793647099209901,-1.9503451093259339,0.049130769100628004,1.4731559800847882,1.4864711416630734,-0.8957564802360087,48.668467762429636,74.33423388121481,-0.013315161578285162,-0.013315161578285162,0.3747747952270687,-2.2184677254969127,0.7345190238449357,-2.4446754086127185,0.7345190238449357,-2.4446754086127185,1.0826297451431548,-2.5132819172953678,"2185",""
"target(Behavioral)","","","","","dolocc","",6.662128558011854,6.66212855801185,7.506993799716689,7.515518548243283,-0.11342861403209749,-0.11342861403205022,7.502916992278083,7.520679462040303,-0.2361817153872117,9.76528780459497,54.88264390229749,-0.017762469762220512,-0.017762469762220512,1.112643749615866,-1.7756130969759043,2.0363525928992083,-2.023739211195556,2.0363525928992083,-2.023739211195556,2.472497392500362,-2.1124597511486907,"2185",""
"target(Behavioral)","","","","","dolhh","4609175",0.5258431338724077,0.515323187975177,0.5617816533682354,0.5520788588253122,-0.13885167675633794,1.8483391489627903,0.5574839643247221,0.5564971674547203,0.18292879204364784,7.620230353751712,53.81011517687586,0.0009867968700018048,0.0009867968700018048,2.435920199370397,-1.198486988737043,2.7682785284213103,-3.193288268620594,2.7682785284213103,-3.193288268620594,3.1548274895587696,-4.80661716864944,"34001","15243022"
"target(Contextual)","","","","","pen","",0.05094039830913183,0.05094039830913183,0.048673021529793616,0.05244593649061239,-7.193912842979,-7.193912842979,0.04871855483288044,0.052399382639117864,-7.024563307525619,90.05755790976109,95.02877895488055,-0.0036808278062374217,-0.0036808278062374217,-2.9507817585626657,-10.496161157970054,-1.6407084558890899,-11.704194243090194,-1.6407084558890899,-11.704194243090194,-0.5436784604255948,-13.422652469903088,"5205",""
"target(Contextual)","","","","","occ","",1.4866468842729972,1.484272997032641,1.4534161490683233,1.4909402376393102,-2.676027838279813,-2.516807020407531,1.4413884341034122,1.502521862904055,-4.068721414973953,72.8891432770867,86.44457163854335,-0.061133428800642875,-0.061133428800642875,-1.3949383885109987,-6.861257951062673,0.8219486509915889,-8.295821078128437,0.8219486509915889,-8.295821078128437,2.057504527283863,-9.529542873701422,"322",""
"target(Contextual)","","","","","dolocc","",6.360758160237393,6.360758160237391,7.462176907719616,7.325780017960338,1.8618753146405889,1.8618753146406133,7.452972495508087,7.3374419707366,1.5745340846612415,44.45514758696546,72.22757379348272,0.11553052477148729,0.11553052477148729,3.4383328896806926,-0.8879136734992323,4.199781673546966,-1.7689541718728596,4.199781673546966,-1.7689541718728596,4.412184515142535,-2.5036568457910016,"322",""
"target(Contextual)","","","","","dolhh","699738",0.4817026607403776,0.4809334748549636,0.5278904792889713,0.5728302626662886,-7.883394524503294,-9.255118202252426,0.5233653285484975,0.5776857434921182,-9.371031522131243,90.68077763175495,95.34038881587747,-0.05432041494362072,-0.05432041494362072,-5.97274817217327,-13.524273349317212,-0.6890398300609384,-15.285621514735345,-0.6890398300609384,-15.285621514735345,-0.5599898390263486,-16.62582187762737,"5205","3176977"
"ad_size(15)","","","","","pen","",0.05157509090282601,0.05157509090282601,0.05157509090282601,0.04834443643911432,6.682577565632444,6.682577565632444,0.05167235046364938,0.048255048629790125,7.081749849796233,91.71248384304904,95.85624192152451,0.003417301833859257,0.003417301833859257,10.43933968443686,4.316485711985944,11.310037625780954,2.8307916539268847,11.310037625780954,2.8307916539268847,12.481870855227276,0.26495339793569306,"6819",""
"ad_size(15)","","","","","occ","",1.4272930648769573,1.3980313199105145,1.451901565995526,1.470931912749145,-3.2830949754706684,-1.293761226381421,1.4537481002066344,1.4688501597882813,-1.0281552193059431,26.690788287516863,63.34539414375844,-0.015102059581646898,-0.015102059581646898,0.521259827217233,-3.228994787194183,2.3954738374217523,-3.8112897566256394,2.3954738374217523,-3.8112897566256394,4.477610649228006,-3.9885113783427024,"447",""
"ad_size(15)","","","","","dolocc","",6.579451839423318,6.579451839423316,7.714263822307454,7.322858708583486,5.344977000104899,5.344977000104924,7.727841459053275,7.313271263159622,5.6687381197254,97.53830642399652,98.76915321199824,0.41457019589365274,0.41457019589365274,8.49593012420419,3.450720992831248,8.771529898151254,2.7589575814639717,8.771529898151254,2.7589575814639717,9.507132090499933,2.469036127503901,"447",""
"ad_size(15)","","","","","dolhh","892484",0.4843316721260781,0.4744021137069415,0.5776591583146398,0.5207385470273269,8.794844747098326,10.063225400446292,0.5805044870679648,0.5183605416466549,11.994310055384352,95.59200446856066,97.79600223428034,0.062143945421309854,0.062143945421309854,17.877069804071986,7.711764660645383,19.334195384226053,4.2688520889110535,19.334195384226053,4.2688520889110535,20.637437587425975,3.2819052062841227,"6819","1449474"
"ad_size(728x90)","","","","","pen","",0.055200354930726794,0.055200354930726794,0.04704840378061948,0.050458248490264354,-6.757754800590806,-6.757754800590806,0.04693948462821783,0.05056426649761049,-7.168663011385641,76.32268345547686,88.16134172773845,-0.0036247818693926626,-0.0036247818693926626,-3.107008450467714,-11.710877913358802,-1.5495516096392004,-13.29267049715984,-1.5495516096392004,-13.29267049715984,3.5849776933378985,-14.325695264305521,"3378",""
"ad_size(728x90)","","","","","occ","",1.5864978902953581,1.541603375527426,1.4702970297029703,1.5692599800543903,-9.16721683773303,-6.306345131416016,1.458437481494411,1.581132128913135,-7.759923739141519,95.99191961291578,97.99595980645789,-0.12269464741872405,-0.12269464741872405,-4.493167601688337,-10.660290870421218,-2.159641528370773,-11.586325820661553,-2.159641528370773,-11.586325820661553,-1.7422734642775617,-13.485097081879257,"202",""
"ad_size(728x90)","","","","","dolocc","",6.088103040653675,6.088103040653675,7.152817185289961,7.298669166444747,-1.998336653281028,-1.998336653281028,7.170063942061964,7.282883123879247,-1.5491005402430456,40.44750794513345,70.22375397256673,-0.11281918181728301,-0.11281918181728301,0.5305814776131517,-3.7901042775269254,2.5286076162108975,-4.3593967609386555,2.5286076162108975,-4.3593967609386555,3.295153540735162,-5.834482961545902,"202",""
"ad_size(728x90)","","","","","dolhh","470807",0.5331671253619993,0.518079630112394,0.4947970467199773,0.5779240249327159,-17.541450153351928,-14.933511916307749,0.49085041520831535,0.5822576667686866,-15.611823875632766,99.62299306926896,99.81149653463449,-0.09140725156037127,-0.09140725156037127,-11.688136130082247,-20.138778567447172,-8.303835843287409,-22.33185990707305,-8.303835843287409,-22.33185990707305,-6.3592059020384175,-23.507380528998752,"3378","1133788"
"ad_size(160x600)","","","","","pen","",0.05340389515932512,0.05340389515932512,0.0479182986777026,0.04922193454745289,-2.648485643109989,-2.648485643109989,0.04771489531740818,0.049426131324704456,-3.462209081375033,66.19771620562749,83.09885810281375,-0.0017112360072962726,-0.0017112360072962726,0.04603350958560597,-6.36267034400179,0.9448348138858302,-7.2045817991740115,0.9448348138858302,-7.2045817991740115,1.4093024606594384,-9.095435994093558,"9753",""
"ad_size(160x600)","","","","","occ","",1.4743202416918428,1.4380060422960725,1.5252525252525253,1.5028718583543648,-0.9271271146740938,1.4891932917465918,1.5106127498433628,1.5171529929549872,-0.43108659060717563,16.056261221606395,58.028130610803196,-0.0065402431116243775,-0.0065402431116243775,1.178164619390956,-1.6488787524612136,1.737878203437678,-3.5783961283518675,1.737878203437678,-3.5783961283518675,1.82433850007931,-3.969411500636455,"594",""
"ad_size(160x600)","","","","","dolocc","",6.80059003500696,6.800590035006955,7.461270181978523,7.450260644193248,0.14777386068836398,0.1477738606884236,7.450335385467747,7.461999338839162,-0.15631136967145268,5.919594087084301,52.959797043542146,-0.011663953371414237,-0.011663953371414237,1.2579014909450938,-1.7061235538380026,1.84100510357605,-1.9151948175842939,1.84100510357605,-1.9151948175842939,2.1471169339885496,-2.0324259284496744,"594",""
"ad_size(160x600)","","","","","dolhh","1318476",0.5354406726843464,0.5222521544760145,0.5453256296702785,0.5511275197875821,-3.126610805637827,0.27860347137227925,0.5370107068765058,0.5595529673258528,-3.9756957964315194,79.46083023537574,89.73041511768787,-0.02254226044934704,-0.02254226044934704,-1.601738775397862,-6.634793354945398,-0.011432710413511113,-7.542938820734879,-0.011432710413511113,-7.542938820734879,0.773080989856449,-7.865701079502798,"9753","3217886"
